Date,Open,High,Low,Close,Volume
2018-01-01,10476.75,10501.40,10472.62,10487.01,714947
2018-01-02,10480.46,10535.39,10223.86,10379.63,562489
2018-01-03,10384.71,10488.52,10384.71,10454.98,1862906
2018-01-04,10436.43,10504.18,10339.63,10421.90,513628
2018-01-05,10403.38,10478.65,10381.14,10429.89,951545
2018-01-08,10396.24,10557.45,10396.24,10537.33,1221327
2018-01-09,10540.38,10540.38,10278.60,10369.17,1293844
2018-01-10,10401.14,10492.33,10401.14,10459.47,1258403
2018-01-11,10436.70,10436.70,10240.22,10299.86,1106890
2018-01-12,10289.98,10547.84,10289.98,10532.60,1450870
2018-01-15,10508.12,10521.47,10402.33,10461.90,1059893
2018-01-16,10473.20,10532.07,10292.73,10412.40,1620172
2018-01-17,10453.18,10456.23,10358.39,10407.31,1842176
2018-01-18,10429.65,10433.66,10326.26,10379.96,617310
2018-01-19,10360.67,10408.91,10360.67,10388.03,942463
2018-01-22,10364.14,10578.55,10364.14,10522.44,1546963
2018-01-23,10502.65,10502.65,10206.12,10316.87,1017215
2018-01-24,10310.96,10418.23,10214.53,10316.38,1723757
2018-01-25,10317.17,10317.17,10220.22,10254.06,690650
2018-01-26,10226.17,10428.33,10104.71,10266.52,1927072
2018-01-29,10307.27,10307.27,10219.54,10233.36,1609633
2018-01-30,10248.12,10339.25,10132.98,10236.11,740232
2018-01-31,10247.66,10271.44,10089.07,10180.26,733941
2018-02-01,10218.69,10218.69,10090.88,10136.34,874660
2018-02-02,10164.05,10164.05,10084.07,10085.90,1564646
2018-02-05,10089.08,10089.08,10009.86,10038.88,1612232
2018-02-06,10007.71,10230.51,10007.71,10177.00,1261225
2018-02-07,10141.01,10445.58,10141.01,10338.63,1689833
2018-02-08,10303.00,10401.03,10303.00,10389.62,1617165
2018-02-09,10393.76,10442.93,10356.81,10399.87,1055864
2018-02-12,10435.56,10435.56,10226.13,10245.35,1946757
2018-02-13,10257.64,10346.98,10212.53,10279.75,1418762
2018-02-14,10243.90,10440.28,10243.90,10387.00,544112
2018-02-15,10351.35,10351.35,10287.52,10318.72,1823518
2018-02-16,10304.72,10374.68,10304.72,10363.57,1578263
2018-02-19,10333.09,10503.01,10258.67,10380.84,1697564
2018-02-20,10373.12,10373.12,10278.88,10307.01,697815
2018-02-21,10304.29,10463.12,10304.29,10412.90,613605
2018-02-22,10404.79,10467.40,10051.76,10259.58,1211569
2018-02-23,10262.56,10318.44,10243.86,10281.15,793983
2018-02-26,10315.96,10315.96,10171.30,10202.15,1429312
2018-02-27,10214.56,10437.57,10137.21,10287.39,1633695
2018-02-28,10316.09,10637.14,10262.24,10449.69,848779
2018-03-01,10483.33,10483.33,10288.69,10340.86,845269
2018-03-02,10364.36,10364.36,9937.64,10098.14,1454221
2018-03-05,10121.03,10183.65,9942.95,10063.30,1888044
2018-03-06,10101.04,10101.04,10008.87,10054.24,1714629
2018-03-07,10018.06,10082.81,10018.06,10054.62,1499897
2018-03-08,10091.68,10091.68,9832.76,9835.50,668005
2018-03-09,9863.97,9888.10,9840.67,9864.39,1346778
2018-03-12,9871.84,10154.43,9871.84,10039.83,1798937
2018-03-13,10025.08,10247.13,10025.08,10188.81,1046865
2018-03-14,10180.32,10368.60,10121.07,10244.83,1908636
2018-03-15,10280.54,10280.54,10099.82,10170.51,519535
2018-03-16,10135.79,10135.79,9701.48,9773.80,947016
2018-03-19,9740.08,9740.08,9717.12,9718.64,1012301
2018-03-20,9734.46,9734.46,9645.53,9678.43,1782781
2018-03-21,9691.43,9894.75,9691.43,9880.34,1663085
2018-03-22,9851.43,9943.47,9724.10,9833.79,742071
2018-03-23,9816.62,10062.32,9816.62,9978.99,941722
2018-03-26,9960.14,10019.80,9915.23,9967.52,1524525
2018-03-27,9978.22,10142.65,9796.81,9969.73,1080240
2018-03-28,10008.00,10091.34,10008.00,10071.65,838861
2018-03-29,10032.14,10168.74,9966.61,10067.68,657797
2018-03-30,10030.31,10278.45,10030.31,10236.31,1274302
2018-04-02,10220.61,10220.61,10160.61,10183.29,583665
2018-04-03,10150.93,10284.32,10150.93,10251.17,1674160
2018-04-04,10222.84,10399.65,10222.84,10343.85,996474
2018-04-05,10375.42,10731.73,10375.42,10559.45,551980
2018-04-06,10551.99,10854.54,10506.48,10680.51,1904897
2018-04-09,10705.06,10948.16,10705.06,10829.90,726692
2018-04-10,10803.87,10824.89,10792.45,10808.67,1465325
2018-04-11,10784.71,10807.14,10552.52,10679.83,1884189
2018-04-12,10719.72,10792.97,10650.73,10721.85,1085367
2018-04-13,10751.33,10751.33,10558.87,10639.98,1194471
2018-04-16,10612.62,10715.30,10612.62,10699.63,1056723
2018-04-17,10724.15,10890.30,10724.15,10862.65,1415184
2018-04-18,10869.30,10869.30,10687.95,10751.16,1034191
2018-04-19,10777.53,10906.32,10777.53,10880.87,1940443
2018-04-20,10869.05,10985.52,10707.32,10846.42,646745
2018-04-23,10860.60,11176.22,10860.60,11113.50,761358
2018-04-24,11105.36,11170.90,11024.69,11097.80,1343894
2018-04-25,11112.44,11155.54,10944.65,11050.10,1295125
2018-04-26,11032.50,11103.39,10766.98,10935.18,1649107
2018-04-27,10960.18,11056.74,10928.29,10992.52,1772261
2018-04-30,10967.34,10998.37,10838.24,10918.31,1492343
2018-05-01,10932.18,11221.05,10794.59,11007.82,1095143
2018-05-02,11035.86,11035.86,10824.50,10836.31,992555
2018-05-03,10795.08,10853.83,10745.64,10799.74,1013472
2018-05-04,10795.88,10983.57,10795.88,10971.50,1820713
2018-05-07,10962.70,10962.70,10737.32,10799.78,809479
2018-05-08,10823.12,10823.12,10789.37,10796.88,723529
2018-05-09,10813.80,10875.83,10757.07,10816.45,1474231
2018-05-10,10812.68,10929.36,10812.68,10909.02,1474427
2018-05-11,10948.29,10951.30,10511.52,10731.41,1428143
2018-05-14,10759.79,10759.79,10501.20,10588.30,1648970
2018-05-15,10584.07,10584.07,10509.45,10525.85,1018499
2018-05-16,10524.55,10638.68,10524.32,10581.50,1001734
2018-05-17,10562.18,10611.60,10544.96,10578.28,1170479
2018-05-18,10568.38,10642.47,10568.38,10620.95,820455
2018-05-21,10624.57,10642.85,10583.75,10613.30,1371941
2018-05-22,10636.21,10889.95,10636.21,10827.95,1958617
2018-05-23,10825.96,11105.71,10825.96,11083.50,1237691
2018-05-24,11113.27,11133.50,10967.16,11050.33,1628730
2018-05-25,11025.62,11162.51,10942.00,11052.25,960160
2018-05-28,11067.19,11135.85,10935.93,11035.89,1347913
2018-05-29,11078.33,11166.66,10836.42,11001.54,1620138
2018-05-30,10959.92,11143.89,10959.92,11128.98,1847943
2018-05-31,11107.62,11107.62,10829.68,10905.05,1186508
2018-06-01,10894.51,11010.62,10860.63,10935.63,1384085
2018-06-04,10911.50,10981.67,10909.85,10945.76,643903
2018-06-05,10985.13,11109.47,10861.04,10985.25,918089
2018-06-06,10982.93,11185.74,10978.10,11081.92,739892
2018-06-07,11105.58,11105.58,10981.26,11005.22,851879
2018-06-08,11029.68,11029.68,10620.99,10756.74,843441
2018-06-11,10740.56,10826.95,10740.56,10817.92,1920500
2018-06-12,10791.82,10967.82,10791.82,10921.88,1741719
2018-06-13,10945.69,10975.59,10750.00,10862.80,1934995
2018-06-14,10887.36,10887.36,10790.85,10816.58,1228139
2018-06-15,10829.35,10829.35,10618.74,10644.15,526533
2018-06-18,10683.39,10908.69,10650.84,10779.77,1832918
2018-06-19,10751.84,10949.81,10751.84,10889.41,1594182
2018-06-20,10892.73,11004.30,10892.73,10989.41,1513967
2018-06-21,10973.79,10973.79,10731.52,10766.49,1014840
2018-06-22,10744.42,10827.90,10744.42,10796.01,1474564
2018-06-25,10795.52,10795.52,10582.41,10635.69,1181604
2018-06-26,10622.11,10727.72,10621.27,10674.50,1750227
2018-06-27,10652.41,10826.05,10652.41,10760.57,1352341
2018-06-28,10773.13,10773.13,10549.66,10559.78,1529326
2018-06-29,10551.71,10551.71,10537.82,10542.82,1010247
2018-07-02,10545.42,10595.57,10389.28,10492.42,1392346
2018-07-03,10488.54,10649.25,10488.54,10646.98,1143035
2018-07-04,10614.58,10693.54,10607.80,10650.67,1623788
2018-07-05,10671.00,10871.01,10671.00,10831.03,1079861
2018-07-06,10812.23,11013.36,10550.27,10781.81,710818
2018-07-09,10764.76,10899.54,10764.76,10836.94,1984822
2018-07-10,10841.56,10841.56,10730.56,10745.09,1962590
2018-07-11,10710.93,10954.89,10710.93,10912.41,525722
2018-07-12,10884.85,10884.85,10748.97,10792.25,607744
2018-07-13,10754.72,10963.12,10622.35,10792.74,1531267
2018-07-16,10762.45,11006.09,10762.45,10951.12,1680360
2018-07-17,10956.20,11016.79,10956.20,11005.21,1372780
2018-07-18,11007.19,11007.19,10742.07,10836.30,1444797
2018-07-19,10830.13,10966.85,10830.13,10927.23,1692502
2018-07-20,10966.36,10966.36,10727.34,10808.44,935762
2018-07-23,10785.94,10792.44,10697.56,10745.00,1657611
2018-07-24,10753.06,10760.05,10753.06,10757.21,1110815
2018-07-25,10788.15,10874.40,10788.15,10859.93,649274
2018-07-26,10870.79,10936.08,10578.10,10757.09,1886601
2018-07-27,10733.41,10841.89,10733.41,10788.27,812453
2018-07-30,10759.43,11073.50,10759.43,10984.67,1145108
2018-07-31,10979.32,10979.32,10707.10,10796.97,1482930
2018-08-01,10797.01,10852.30,10607.45,10729.88,1535563
2018-08-02,10750.01,10750.01,10539.05,10582.28,1766079
2018-08-03,10610.72,10623.13,10549.58,10586.35,1706279
2018-08-06,10613.57,10613.57,10560.63,10569.57,1708477
2018-08-07,10582.38,10804.66,10582.38,10768.74,1083336
2018-08-08,10768.03,10944.38,10736.87,10840.62,691349
2018-08-09,10806.33,10806.33,10704.88,10721.22,837274
2018-08-10,10759.40,10759.40,10521.71,10635.58,1653636
2018-08-13,10602.91,10698.54,10602.91,10690.22,1347616
2018-08-14,10682.80,11322.89,10682.80,11198.36,893389
2018-08-15,11193.17,11193.17,11012.60,11026.72,608237
2018-08-16,11021.26,11182.80,10970.21,11076.50,1964336
2018-08-17,11103.03,11103.03,11048.60,11050.64,1988522
2018-08-20,11014.68,11235.18,11014.68,11141.33,737945
2018-08-21,11141.19,11141.19,11073.89,11084.44,1112078
2018-08-22,11127.03,11127.03,10984.65,10988.54,1011140
2018-08-23,10997.27,10997.27,10912.80,10925.80,786278
2018-08-24,10918.37,11048.48,10918.37,10995.56,1564803
2018-08-27,11025.25,11025.25,10992.74,10998.96,1716187
2018-08-28,11002.36,11148.68,11002.36,11147.98,1223777
2018-08-29,11186.58,11186.58,10916.98,11046.22,895632
2018-08-30,11077.68,11150.33,11077.68,11142.45,1361457
2018-08-31,11170.21,11388.16,11170.21,11347.85,1309665
2018-09-03,11316.27,11591.77,11316.27,11579.91,577635
2018-09-04,11542.89,11996.82,11542.89,11823.39,1423389
2018-09-05,11783.18,11783.18,11168.90,11284.26,1055793
2018-09-06,11316.01,11316.01,11069.11,11184.92,1914230
2018-09-07,11204.49,11335.62,11200.39,11268.01,1523300
2018-09-10,11279.83,11313.93,11279.08,11296.50,1102677
2018-09-11,11260.21,11515.70,11260.21,11513.25,1829065
2018-09-12,11494.78,11540.92,11460.39,11500.66,560706
2018-09-13,11489.14,11775.46,11489.14,11728.15,805281
2018-09-14,11698.13,11833.75,11641.84,11737.80,867147
2018-09-17,11713.46,12070.84,11713.46,11979.26,1722969
2018-09-18,11955.81,12161.46,11955.81,12078.00,519707
2018-09-19,12082.50,12270.46,12082.50,12206.14,654899
2018-09-20,12219.71,12219.71,12060.34,12091.98,1389840
2018-09-21,12140.29,12140.29,11943.03,12041.29,1513360
2018-09-24,12021.63,12209.65,12021.63,12150.94,1966494
2018-09-25,12129.02,12302.62,11795.52,12049.07,1686839
2018-09-26,12088.65,12336.90,12084.61,12210.75,1541712
2018-09-27,12184.39,12548.21,12180.42,12364.32,1238870
2018-09-28,12389.60,12449.49,12324.20,12386.84,1882403
2018-10-01,12399.47,12407.96,12311.43,12359.69,582675
2018-10-02,12382.67,12408.12,12211.70,12309.91,689023
2018-10-03,12280.45,12466.63,12280.45,12419.47,1631220
2018-10-04,12396.87,12586.76,12396.87,12520.31,845074
2018-10-05,12551.01,12698.85,12328.50,12513.68,1210337
2018-10-08,12539.12,12677.66,12466.23,12571.95,973148
2018-10-09,12618.94,12847.74,12598.14,12722.94,1668769
2018-10-10,12709.56,12709.56,12132.68,12261.23,1910000
2018-10-11,12248.63,12350.71,12160.70,12255.70,1915234
2018-10-12,12261.72,12285.54,12241.94,12263.74,1779435
2018-10-15,12303.91,12312.25,12242.95,12277.60,1133738
2018-10-16,12232.15,12280.46,12202.43,12241.45,1533108
2018-10-17,12230.54,12369.70,12230.54,12322.00,1278067
2018-10-18,12314.03,12356.86,12076.20,12216.53,824058
2018-10-19,12227.83,12467.76,12227.83,12373.30,1086657
2018-10-22,12417.90,12529.86,12417.90,12510.36,1260607
2018-10-23,12558.18,12780.01,12558.18,12690.44,1252193
2018-10-24,12736.02,12833.15,12736.02,12802.83,1453611
2018-10-25,12851.08,12930.46,12851.08,12891.97,606070
2018-10-26,12898.63,12996.71,12847.52,12922.11,643885
2018-10-29,12954.48,13131.94,12901.62,13016.78,988633
2018-10-30,12965.01,13033.71,12931.16,12982.43,803432
2018-10-31,12941.92,13180.73,12941.92,13170.53,554064
2018-11-01,13179.89,13343.96,13179.89,13270.87,533095
2018-11-02,13273.64,13329.54,13267.98,13298.76,633290
2018-11-05,13257.17,13257.17,13018.60,13045.32,1556626
2018-11-06,13087.97,13228.09,12945.58,13086.84,1881819
2018-11-07,13040.86,13040.86,12914.01,12929.27,1504497
2018-11-08,12951.24,13112.33,12933.88,13023.11,1430217
2018-11-09,12977.86,13101.53,12977.86,13082.54,1076750
2018-11-12,13070.07,13070.07,12851.94,12947.95,1752821
2018-11-13,12906.43,12906.43,12773.30,12794.61,1971738
2018-11-14,12799.86,13057.68,12799.86,12958.90,950936
2018-11-15,12992.84,12992.84,12596.08,12685.73,1336197
2018-11-16,12702.48,12702.48,12612.63,12635.21,1284966
2018-11-19,12593.89,12894.00,12593.89,12849.32,679022
2018-11-20,12881.37,12934.67,12881.37,12909.14,1666794
2018-11-21,12926.69,13352.21,12926.69,13255.22,1361528
2018-11-22,13294.25,13294.25,13003.10,13125.73,607890
2018-11-23,13133.91,13356.83,13133.91,13328.57,946145
2018-11-26,13312.58,13532.61,13312.58,13431.56,1666573
2018-11-27,13464.57,13464.57,13130.99,13262.99,1676430
2018-11-28,13278.13,13574.12,13278.13,13542.50,555058
2018-11-29,13491.47,13491.47,13275.36,13373.69,1073089
2018-11-30,13320.85,13427.87,13253.77,13340.82,800420
2018-12-03,13355.03,13355.03,13163.18,13206.12,564292
2018-12-04,13201.22,13436.85,13201.22,13365.73,830111
2018-12-05,13372.96,13372.96,13082.92,13205.07,678167
2018-12-06,13157.51,13316.03,13157.51,13275.03,671088
2018-12-07,13268.87,13403.00,13096.21,13249.60,1072872
2018-12-10,13208.36,13417.02,13170.00,13293.51,1922326
2018-12-11,13245.17,13332.35,13114.01,13223.18,1328927
2018-12-12,13270.29,13281.97,13270.29,13278.52,787802
2018-12-13,13278.24,13381.74,13207.95,13294.85,1403149
2018-12-14,13294.87,13459.16,13273.82,13366.49,1900998
2018-12-17,13317.55,13430.64,13317.55,13392.07,539303
2018-12-18,13384.49,13384.49,13327.52,13338.18,1348136
2018-12-19,13287.06,13410.16,13197.60,13303.88,1181088
2018-12-20,13324.06,13711.06,13252.67,13481.87,1258860
2018-12-21,13491.45,13848.70,13491.45,13738.07,1598829
2018-12-24,13707.47,14127.55,13707.47,14020.82,852599
2018-12-25,13986.49,14299.96,13986.49,14226.12,1232693
2018-12-26,14186.02,14215.81,13765.30,13990.56,715596
2018-12-27,14019.68,14118.67,14000.94,14059.81,1874702
2018-12-28,14055.75,14542.45,14055.75,14414.20,1682238
2018-12-31,14421.64,14555.79,14306.19,14430.99,1832317
2019-01-01,14409.76,14589.43,14409.76,14580.79,1422249
2019-01-02,14554.50,14801.65,14554.50,14749.02,617801
2019-01-03,14694.46,14752.40,14678.86,14715.63,1273298
2019-01-04,14757.46,14794.98,14713.45,14754.21,1789766
2019-01-07,14807.83,14807.83,14559.49,14623.22,586030
2019-01-08,14602.34,14602.34,14277.44,14341.86,1497466
2019-01-09,14377.54,14377.54,13936.13,13938.52,1220241
2019-01-10,13887.13,14015.14,13887.13,14009.99,1983990
2019-01-11,13971.74,13971.74,13812.42,13857.53,1281927
2019-01-14,13877.37,14052.61,13877.37,13998.37,609818
2019-01-15,13952.96,14216.08,13903.59,14059.83,1922664
2019-01-16,14112.07,14112.07,13918.23,13973.50,1763955
2019-01-17,13933.42,14150.77,13933.42,14078.84,1233627
2019-01-18,14037.05,14149.10,13847.41,13998.26,1986532
2019-01-21,14030.92,14166.86,14030.92,14130.20,768002
2019-01-22,14151.16,14173.90,13807.99,13990.94,1603926
2019-01-23,13937.02,14286.28,13937.02,14193.28,1147739
2019-01-24,14191.72,14317.42,14175.23,14246.32,975095
2019-01-25,14279.16,14345.72,14279.16,14345.71,1564702
2019-01-28,14292.66,14606.83,14176.77,14391.80,1206246
2019-01-29,14351.99,14671.37,14351.99,14559.00,879261
2019-01-30,14520.04,14878.24,14520.04,14703.44,1417867
2019-01-31,14758.68,14892.47,14758.68,14862.03,1780511
2019-02-01,14866.07,14997.56,14616.37,14806.97,1149001
2019-02-04,14770.72,15145.13,14770.72,15100.10,1922512
2019-02-05,15073.73,15689.45,15073.73,15573.13,1300844
2019-02-06,15535.72,15535.72,15393.10,15395.42,1768071
2019-02-07,15441.50,15558.20,15415.71,15486.96,1662956
2019-02-08,15440.46,15825.75,15440.46,15746.69,675898
2019-02-11,15702.26,15864.20,15665.13,15764.67,1417446
2019-02-12,15813.18,16253.23,15813.18,16100.24,555931
2019-02-13,16085.58,16085.58,15883.95,15948.78,671139
2019-02-14,15992.05,15992.05,15903.16,15924.55,1863066
2019-02-15,15977.72,15977.72,15818.16,15879.06,1490809
2019-02-18,15872.53,15917.51,15787.77,15852.64,511012
2019-02-19,15808.19,15901.94,15808.19,15888.16,1776914
2019-02-20,15862.89,15862.89,15797.75,15808.32,600137
2019-02-21,15753.03,16012.08,15654.25,15833.16,1548217
2019-02-22,15800.48,15825.67,15799.57,15812.62,801102
2019-02-25,15821.56,15823.11,15809.53,15816.32,892825
2019-02-26,15761.62,15829.23,15738.20,15783.71,1603226
2019-02-27,15723.15,15723.15,15428.43,15487.49,1485944
2019-02-28,15518.14,15694.10,15518.14,15660.88,1248880
2019-03-01,15676.95,15817.54,15594.94,15706.24,1720339
2019-03-04,15712.02,15809.13,15586.04,15697.59,1848040
2019-03-05,15722.12,16038.90,15649.31,15844.10,1824846
2019-03-06,15900.33,15952.14,15828.47,15890.31,577560
2019-03-07,15832.07,15918.41,15832.07,15882.07,1150276
2019-03-08,15850.73,15850.73,15314.03,15349.38,1856648
2019-03-11,15394.30,15521.82,15307.43,15414.63,1196096
2019-03-12,15402.30,15591.61,15158.81,15375.21,1422194
2019-03-13,15374.74,15592.13,15374.74,15517.27,1543382
2019-03-14,15465.46,15472.83,15151.35,15312.09,1390240
2019-03-15,15317.66,15605.23,15317.66,15525.58,1173629
2019-03-18,15518.87,15723.77,15518.87,15657.19,1393630
2019-03-19,15685.60,15876.94,15642.24,15759.59,1239370
2019-03-20,15796.34,15796.34,15534.98,15622.51,620288
2019-03-21,15660.14,15934.96,15660.14,15853.53,1924827
2019-03-22,15876.12,15910.83,15857.28,15884.06,1418915
2019-03-25,15867.07,15966.21,15867.07,15955.96,1302903
2019-03-26,15949.56,16016.57,15949.56,16006.39,1277968
2019-03-27,16010.16,16010.16,15645.79,15799.07,1334737
2019-03-28,15739.15,15841.23,15655.46,15748.34,890171
2019-03-29,15718.33,15718.33,15577.20,15577.94,1045867
2019-04-01,15602.11,15631.38,15466.93,15549.16,1530121
2019-04-02,15508.44,15648.22,15508.44,15584.65,1996045
2019-04-03,15627.73,15627.73,15501.69,15519.54,1170224
2019-04-04,15493.51,15556.16,15222.07,15389.12,1129054
2019-04-05,15406.07,15715.53,15402.30,15558.91,1258104
2019-04-08,15513.96,15513.96,15472.04,15475.48,1536039
2019-04-09,15513.07,15727.62,15513.07,15701.58,1656887
2019-04-10,15688.79,16152.82,15688.79,15961.30,1503833
2019-04-11,15906.87,15906.87,15627.54,15661.76,1164855
2019-04-12,15642.27,15651.62,15441.19,15546.41,1656167
2019-04-15,15538.03,15541.19,15421.31,15481.25,616209
2019-04-16,15439.38,15721.60,15439.38,15591.20,1987577
2019-04-17,15564.26,15961.50,15365.04,15663.27,665381
2019-04-18,15616.30,15845.11,15491.94,15668.53,1135069
2019-04-19,15680.03,15680.03,15579.38,15615.53,1717703
2019-04-22,15628.67,15920.02,15617.48,15768.75,1681992
2019-04-23,15825.33,16185.53,15825.33,16120.13,1709576
2019-04-24,16135.37,16202.61,16027.32,16114.97,563514
2019-04-25,16173.84,16173.84,15862.52,15864.70,1512808
2019-04-26,15858.80,16110.16,15652.85,15881.50,1944127
2019-04-29,15843.90,16118.49,15843.90,16068.04,1772258
2019-04-30,16130.77,16500.76,16096.91,16298.84,1224294
2019-05-01,16306.87,16412.60,16306.87,16401.98,1169234
2019-05-02,16354.85,16479.94,16346.90,16413.42,606126
2019-05-03,16380.37,16498.03,16250.22,16374.12,834914
2019-05-06,16333.49,16830.64,16266.60,16548.62,834165
2019-05-07,16523.27,16523.27,16327.85,16329.55,548604
2019-05-08,16295.68,16562.43,16295.68,16492.28,1723361
2019-05-09,16542.72,16542.72,16428.95,16462.54,1872082
2019-05-10,16512.91,16698.81,16507.70,16603.26,1267091
2019-05-13,16612.59,16750.96,16499.98,16625.47,908221
2019-05-14,16618.87,16618.87,16448.69,16531.02,1653133
2019-05-15,16480.61,16818.23,16047.70,16432.97,702755
2019-05-16,16490.67,16490.67,16037.48,16178.82,802550
2019-05-17,16119.97,16400.18,16108.01,16254.10,787386
2019-05-20,16208.45,16410.97,15959.23,16185.10,1581093
2019-05-21,16171.24,16695.54,16171.24,16462.75,1792895
2019-05-22,16505.99,16568.65,16348.81,16458.73,1616397
2019-05-23,16395.08,16395.08,16215.07,16225.64,1194659
2019-05-24,16264.16,16310.16,15680.17,15995.16,1942932
2019-05-27,16015.07,16015.07,15710.37,15833.32,1713148
2019-05-28,15791.59,15791.59,15493.36,15586.05,1819161
2019-05-29,15626.16,15746.71,15327.90,15537.30,1007923
2019-05-30,15477.51,16024.51,15477.51,15963.75,1157860
2019-05-31,15963.98,15963.98,15743.81,15807.06,1782362
2019-06-03,15751.71,16257.41,15751.71,16132.88,789579
2019-06-04,16130.09,16130.09,15887.23,15906.20,1290258
2019-06-05,15886.14,15940.67,15797.61,15869.14,1242993
2019-06-06,15907.69,15937.01,15488.80,15712.91,1054407
2019-06-07,15720.21,15720.21,15577.76,15629.47,971580
2019-06-10,15655.09,16235.77,15655.09,16105.30,1947538
2019-06-11,16161.17,16174.13,15960.24,16067.18,1073482
2019-06-12,16118.05,16178.93,15856.30,16017.62,1327394
2019-06-13,15990.77,16503.05,15921.18,16212.11,1103204
2019-06-14,16232.34,16304.76,16232.34,16290.22,1504702
2019-06-17,16298.30,16612.06,16136.81,16374.43,1069631
2019-06-18,16340.70,16685.92,16340.70,16547.97,1904743
2019-06-19,16495.04,16718.70,16495.04,16665.62,1192675
2019-06-20,16599.64,16714.09,16594.93,16654.51,1654172
2019-06-21,16705.23,16781.58,16705.23,16770.79,1497614
2019-06-24,16746.79,16746.79,16639.42,16651.87,1854546
2019-06-25,16616.20,17043.18,16616.20,16959.51,578220
2019-06-26,16915.52,17111.84,16915.52,17068.25,576210
2019-06-27,17127.87,17272.10,17127.87,17269.65,1107056
2019-06-28,17215.40,17308.71,17215.40,17295.61,1202634
2019-07-01,17294.77,17575.66,16775.23,17175.44,781437
2019-07-02,17122.22,17436.34,17122.22,17312.05,840775
2019-07-03,17244.75,17482.28,17088.39,17285.33,1206975
2019-07-04,17240.46,17529.12,17183.89,17356.51,1839505
2019-07-05,17299.13,17815.79,17299.13,17657.56,1903531
2019-07-08,17719.13,18361.80,17719.13,18132.18,514323
2019-07-09,18198.04,18234.39,18023.95,18129.17,1133226
2019-07-10,18108.80,18108.80,17811.63,17903.42,995562
2019-07-11,17889.88,18031.98,17889.88,18004.70,1553861
2019-07-12,18032.11,18531.82,18032.11,18389.99,1839474
2019-07-15,18348.67,18609.91,18348.67,18548.00,780114
2019-07-16,18529.24,18529.24,18303.92,18325.82,1972076
2019-07-17,18349.87,18349.87,18060.41,18109.78,958042
2019-07-18,18151.41,18356.91,17923.20,18140.05,1602067
2019-07-19,18149.36,18149.36,17771.64,17844.19,629516
2019-07-22,17849.43,18331.23,17786.43,18058.83,845059
2019-07-23,18016.26,18101.30,17796.69,17948.99,1722949
2019-07-24,17885.19,17885.19,17500.60,17521.49,776707
2019-07-25,17516.21,17516.21,17297.09,17309.71,1146278
2019-07-26,17343.75,17419.45,17147.84,17283.64,1712806
2019-07-29,17289.34,17539.47,17289.34,17474.97,626365
2019-07-30,17409.51,17571.65,17409.51,17550.60,1357456
2019-07-31,17582.80,17671.49,17535.09,17603.29,1381562
2019-08-01,17662.03,17662.03,17108.49,17313.92,1291667
2019-08-02,17319.36,17319.36,16964.68,17109.59,1870560
2019-08-05,17094.95,17231.38,17094.95,17178.66,767066
2019-08-06,17173.58,17249.24,17057.82,17153.53,1641784
2019-08-07,17148.13,17148.13,16931.13,16991.56,825313
2019-08-08,16938.94,17237.70,16613.35,16925.52,1884534
2019-08-09,16859.94,16859.94,16536.90,16646.34,932184
2019-08-12,16669.24,16957.87,16669.24,16884.04,602081
2019-08-13,16889.41,16932.96,16852.33,16892.65,618371
2019-08-14,16948.92,17622.00,16948.92,17286.34,1708190
2019-08-15,17261.54,17349.30,17015.08,17182.19,1132845
2019-08-16,17170.31,17879.19,17170.31,17593.69,1077039
2019-08-19,17651.62,18181.81,17651.62,18051.39,1812802
2019-08-20,18028.92,18109.26,17782.08,17945.67,1849131
2019-08-21,17933.65,18001.48,17565.21,17783.35,812932
2019-08-22,17746.49,17836.21,17665.33,17750.77,972581
2019-08-23,17809.66,17867.61,17450.16,17658.89,1679408
2019-08-26,17643.12,17643.12,17413.41,17488.56,1034764
2019-08-27,17537.13,17770.85,17385.50,17578.17,693911
2019-08-28,17560.90,17560.90,17162.58,17219.65,1768712
2019-08-29,17255.70,17255.70,16745.05,16909.54,1908133
2019-08-30,16886.94,16886.94,16657.20,16711.98,532157
2019-09-02,16744.99,16831.68,16664.02,16747.85,1504369
2019-09-03,16734.00,17112.70,16734.00,17006.09,1001913
2019-09-04,17010.67,17010.67,16623.57,16697.21,1253421
2019-09-05,16692.66,16756.07,16523.28,16639.68,1484592
2019-09-06,16614.77,16774.25,16542.52,16658.38,595872
2019-09-09,16626.50,16626.50,16506.03,16541.58,1724803
2019-09-10,16519.07,16519.07,16312.27,16376.74,1296581
2019-09-11,16434.84,16434.84,16215.83,16256.98,1207923
2019-09-12,16275.40,16486.87,16008.48,16247.68,1528853
2019-09-13,16200.88,16200.88,15913.69,15963.84,1646190
2019-09-16,15981.95,15981.95,15547.29,15567.50,623170
2019-09-17,15607.11,15607.11,15205.43,15240.09,601742
2019-09-18,15207.35,15386.58,15137.76,15262.17,1983042
2019-09-19,15208.50,15408.58,15208.50,15339.06,1837413
2019-09-20,15337.57,15369.80,15079.91,15224.85,513867
2019-09-23,15166.04,15166.04,14682.55,14706.70,1963516
2019-09-24,14660.47,14759.89,14387.64,14573.76,701984
2019-09-25,14544.90,14544.90,14445.27,14458.27,1243316
2019-09-26,14447.40,14560.73,14331.47,14446.10,1684895
2019-09-27,14484.01,14639.92,14285.34,14462.63,669065
2019-09-30,14415.60,14468.39,14099.71,14284.05,1295374
2019-10-01,14307.23,14307.23,14068.65,14157.75,673405
2019-10-02,14165.21,14165.21,13992.01,13992.12,699988
2019-10-03,14037.03,14434.61,14037.03,14278.55,1951832
2019-10-04,14229.93,14508.56,14229.93,14424.12,1087984
2019-10-07,14473.60,14687.91,14473.60,14599.68,1159522
2019-10-08,14637.14,14725.55,14637.14,14717.73,1335287
2019-10-09,14725.58,14893.46,14725.58,14850.49,1316120
2019-10-10,14878.98,14894.50,14632.39,14763.44,1945588
2019-10-11,14710.73,14873.48,14601.34,14737.41,1416640
2019-10-14,14750.83,14796.96,14704.43,14750.70,1749081
2019-10-15,14723.95,14723.95,14406.78,14526.89,1444872
2019-10-16,14518.97,14518.97,14372.13,14378.45,1925423
2019-10-17,14354.91,14354.91,14190.55,14247.37,1016842
2019-10-18,14271.50,14283.18,14192.16,14237.67,1829386
2019-10-21,14191.14,14427.30,14191.14,14334.09,1146483
2019-10-22,14286.76,14286.76,14016.68,14081.06,1403829
2019-10-23,14027.70,14027.70,13849.63,13893.95,1242212
2019-10-24,13934.38,13934.38,13650.31,13699.29,525880
2019-10-25,13743.25,13768.48,13560.98,13664.73,1009067
2019-10-28,13625.25,13625.25,13556.46,13585.18,1131518
2019-10-29,13560.84,13640.73,13520.45,13580.59,1128626
2019-10-30,13553.06,13553.06,13520.42,13524.67,1810790
2019-10-31,13485.23,13485.23,13313.88,13317.74,514192
2019-11-01,13350.14,13482.10,13350.14,13451.78,1191099
2019-11-04,13468.03,13468.03,13265.40,13306.52,1746532
2019-11-05,13274.67,13469.42,13274.67,13398.84,1158890
2019-11-06,13424.01,13568.22,13374.58,13471.40,1827292
2019-11-07,13458.04,13458.04,13269.20,13277.00,1324044
2019-11-08,13329.81,13329.81,12871.15,13051.35,877334
2019-11-11,13047.34,13097.11,12860.31,12978.71,1985553
2019-11-12,12933.98,13229.10,12870.60,13049.85,1358032
2019-11-13,13024.03,13067.41,12967.27,13017.34,823261
2019-11-14,13068.44,13143.33,12788.83,12966.08,1505028
2019-11-15,13004.42,13004.42,12751.05,12813.18,1377240
2019-11-18,12853.72,12853.72,12523.11,12570.90,1625973
2019-11-19,12545.58,12545.58,12192.71,12313.18,1893964
2019-11-20,12360.82,12360.82,12084.20,12194.57,1920761
2019-11-21,12223.47,12223.47,11783.60,11981.37,722181
2019-11-22,11983.17,12095.94,11983.17,12091.02,1717435
2019-11-25,12087.45,12121.35,11996.30,12058.83,1925131
2019-11-26,12012.96,12012.96,11867.90,11926.83,719255
2019-11-27,11958.44,12048.90,11642.81,11845.85,797114
2019-11-28,11847.86,11849.09,11709.37,11779.23,1230438
2019-11-29,11762.17,11762.17,11627.28,11642.09,1129699
2019-12-02,11627.47,11887.54,11627.47,11846.50,729350
2019-12-03,11822.23,11866.04,11765.21,11815.62,865854
2019-12-04,11812.04,11812.04,11679.83,11706.52,1349446
2019-12-05,11696.74,11696.74,11609.47,11652.71,1787875
2019-12-06,11606.51,11832.88,11606.51,11764.49,950460
2019-12-09,11723.32,11981.15,11679.42,11830.28,713389
2019-12-10,11801.61,11997.36,11774.47,11885.91,738980
2019-12-11,11899.14,12056.97,11682.65,11869.81,1751938
2019-12-12,11855.75,11855.75,11711.63,11771.71,1460203
2019-12-13,11752.63,11752.63,11481.79,11595.24,1788667
2019-12-16,11570.99,11570.99,11361.43,11434.17,745259
2019-12-17,11426.69,11648.48,11391.78,11520.13,789128
2019-12-18,11523.58,11523.58,11359.57,11402.56,1853208
2019-12-19,11383.30,11503.10,11383.30,11479.39,892374
2019-12-20,11466.45,11518.95,11336.41,11427.68,520097
2019-12-23,11433.31,11433.31,11341.51,11347.24,1869586
2019-12-24,11378.09,11378.09,11152.10,11156.35,1524877
2019-12-25,11131.41,11341.88,11131.41,11241.91,568566
2019-12-26,11238.07,11331.03,11112.47,11221.75,1538747
2019-12-27,11246.45,11246.45,11153.49,11166.85,1269364
2019-12-30,11161.61,11161.61,10927.53,10965.75,958315
2019-12-31,10987.79,11030.39,10987.79,11027.78,1124340
2020-01-01,11059.73,11070.66,11038.86,11054.76,682416
2020-01-02,11031.50,11031.50,10586.18,10687.47,1732965
2020-01-03,10681.33,10756.97,10446.75,10601.86,1792162
2020-01-06,10564.49,10702.68,10564.49,10658.50,1235713
2020-01-07,10699.35,10699.35,10480.53,10503.17,1113699
2020-01-08,10543.96,10548.00,10420.71,10484.35,1924593
2020-01-09,10476.94,10555.39,10472.74,10514.07,624331
2020-01-10,10544.86,10765.56,10544.86,10757.47,1023611
2020-01-13,10787.03,10887.23,10766.76,10826.99,1323553
2020-01-14,10819.56,10819.56,10663.15,10670.51,1447895
2020-01-15,10662.21,10936.34,10662.21,10866.23,1083481
2020-01-16,10865.19,10949.48,10619.73,10784.60,1720449
2020-01-17,10804.53,11002.14,10804.53,10999.80,1461437
2020-01-20,11025.82,11025.82,10776.48,10876.51,1334070
2020-01-21,10856.37,10996.93,10817.19,10907.06,1094737
2020-01-22,10905.78,10922.43,10730.15,10826.29,1220874
2020-01-23,10837.22,11085.60,10837.22,10994.32,1463812
2020-01-24,10990.50,11305.31,10990.50,11284.25,1397160
2020-01-27,11297.79,11477.85,11214.97,11346.41,833399
2020-01-28,11333.74,11669.26,11333.74,11536.33,672848
2020-01-29,11526.76,11526.76,11204.27,11344.76,1140699
2020-01-30,11307.66,11465.82,11167.83,11316.82,699614
2020-01-31,11292.03,11468.08,11292.03,11467.37,1926027
2020-02-03,11432.57,11460.27,11432.57,11456.35,1385656
2020-02-04,11418.72,11506.80,11313.00,11409.90,714805
2020-02-05,11399.19,11565.97,11399.19,11513.14,779227
2020-02-06,11518.97,11518.97,11288.45,11394.08,1779932
2020-02-07,11405.76,11405.76,11238.55,11316.83,817454
2020-02-10,11291.23,11537.66,11291.23,11476.86,710690
2020-02-11,11463.23,11560.07,11463.23,11523.94,1400493
2020-02-12,11485.61,11546.27,11454.19,11500.23,1660556
2020-02-13,11540.83,11540.83,11251.70,11336.96,556254
2020-02-14,11338.57,11558.97,11338.57,11450.18,1568546
2020-02-17,11476.17,11587.77,11419.04,11503.40,1001934
2020-02-18,11512.05,11512.05,11442.77,11444.20,1607897
2020-02-19,11427.40,11473.34,11427.40,11464.22,1311258
2020-02-20,11481.00,11668.23,11481.00,11576.84,1487789
2020-02-21,11550.52,12086.69,11550.52,12040.41,626812
2020-02-24,12060.90,12206.50,12060.90,12175.64,1371224
2020-02-25,12179.31,12179.31,12011.40,12056.25,820194
2020-02-26,12027.63,12121.91,11959.72,12040.82,825849
2020-02-27,12073.04,12073.04,11891.88,11913.22,1928277
2020-02-28,11956.43,11956.43,11782.10,11845.54,1000458
2020-03-02,11841.12,11917.82,11841.12,11903.54,1776814
2020-03-03,11872.65,12144.54,11872.65,12096.34,526560
2020-03-04,12140.18,12188.88,11901.88,12045.38,1596821
2020-03-05,12033.03,12033.03,11778.87,11797.68,1063639
2020-03-06,11782.10,11841.84,11748.52,11795.18,1400358
2020-03-09,11802.42,11826.86,11759.49,11793.17,661627
2020-03-10,11827.08,11827.08,11635.32,11638.00,849975
2020-03-11,11644.88,11644.88,11522.27,11574.36,741872
2020-03-12,11607.97,11708.91,11491.34,11600.13,1012861
2020-03-13,11570.33,11749.90,11570.33,11724.68,574162
2020-03-16,11717.11,11717.11,11385.33,11450.97,1174867
2020-03-17,11480.83,11661.01,11256.32,11458.66,1698597
2020-03-18,11429.27,11432.52,11279.93,11356.22,1581656
2020-03-19,11353.05,11705.00,11353.05,11678.19,1092040
2020-03-20,11674.15,11778.88,11620.42,11699.65,1273679
2020-03-23,11711.14,11870.89,11641.94,11756.41,1472924
2020-03-24,11782.36,11782.36,11340.13,11520.06,1646217
2020-03-25,11523.89,11559.49,11422.99,11491.24,1833666
2020-03-26,11445.41,11798.19,11445.41,11638.19,1878466
2020-03-27,11610.74,11610.74,11384.14,11488.84,999473
2020-03-30,11455.97,11455.97,11093.16,11202.59,1086836
2020-03-31,11204.36,11558.91,11204.36,11445.89,1969782
2020-04-01,11453.28,11626.34,11453.28,11564.33,1559958
2020-04-02,11570.60,11859.46,11570.60,11731.19,1412225
2020-04-03,11764.12,11764.12,11657.14,11699.04,1324081
2020-04-06,11677.69,11781.23,11494.32,11637.78,656630
2020-04-07,11601.37,11726.80,11601.37,11709.34,721580
2020-04-08,11712.70,11880.22,11700.17,11790.20,935444
2020-04-09,11751.57,11751.57,11621.77,11652.47,1938761
2020-04-10,11625.91,11723.56,11452.75,11588.15,1187433
2020-04-13,11578.53,11833.88,11578.53,11716.23,602656
2020-04-14,11672.28,11739.86,11610.78,11675.32,1348071
2020-04-15,11637.47,11877.36,11637.47,11783.01,713715
2020-04-16,11748.20,11748.20,11640.76,11688.78,1340080
2020-04-17,11696.48,11696.48,11470.39,11563.52,1042786
2020-04-20,11535.56,11631.11,11535.56,11613.07,1854732
2020-04-21,11643.67,11643.67,11536.09,11552.85,1195310
2020-04-22,11592.05,11937.54,11592.05,11782.08,1408394
2020-04-23,11799.35,11929.91,11760.20,11845.06,862402
2020-04-24,11839.94,11839.94,11510.52,11671.35,811702
2020-04-27,11652.22,11883.78,11652.22,11855.54,1364010
2020-04-28,11844.44,12046.87,11844.44,11973.97,1379199
2020-04-29,11986.49,12255.94,11877.72,12066.83,1640130
2020-04-30,12053.23,12466.55,11906.16,12186.36,1641936
2020-05-01,12168.96,12303.40,12128.78,12216.09,1067144
2020-05-04,12254.77,12349.96,12195.55,12272.75,1089158
2020-05-05,12298.95,12790.58,12298.95,12678.70,988137
2020-05-06,12655.02,12756.46,12655.02,12748.90,617248
2020-05-07,12798.12,13030.57,12539.28,12784.93,1314581
2020-05-08,12751.80,12771.86,12468.92,12620.39,1742603
2020-05-11,12629.63,12676.47,12380.18,12528.32,1975247
2020-05-12,12534.65,12655.92,12199.80,12427.86,894754
2020-05-13,12432.05,12721.52,12410.39,12565.96,868169
2020-05-14,12537.69,12537.69,12506.49,12509.08,1604042
2020-05-15,12539.75,12539.75,12375.74,12387.91,1214623
2020-05-18,12370.43,12542.46,12113.36,12327.91,545954
2020-05-19,12289.54,12587.34,12289.54,12463.66,1603720
2020-05-20,12507.72,12895.63,12502.04,12698.83,1329624
2020-05-21,12747.18,12747.18,12545.44,12592.02,1416179
2020-05-22,12559.20,12938.86,12443.96,12691.41,1678551
2020-05-25,12663.31,12796.87,12366.26,12581.56,1735117
2020-05-26,12560.88,12731.29,12551.44,12641.37,872681
2020-05-27,12630.41,12841.70,12358.38,12600.04,1690097
2020-05-28,12647.17,12822.95,12647.17,12795.08,963250
2020-05-29,12777.80,12793.19,12720.16,12756.67,663172
2020-06-01,12796.00,13080.48,12504.95,12792.71,686071
2020-06-02,12775.90,13028.98,12754.61,12891.80,523898
2020-06-03,12866.70,12963.49,12809.19,12886.34,726564
2020-06-04,12878.06,12914.54,12851.40,12882.97,848836
2020-06-05,12887.71,13095.39,12887.71,13015.50,712711
2020-06-08,13042.39,13306.18,12982.45,13144.32,973081
2020-06-09,13122.75,13214.88,13122.75,13179.96,1168397
2020-06-10,13220.86,13229.36,13131.19,13180.28,837441
2020-06-11,13137.37,13294.92,13033.60,13164.26,1745772
2020-06-12,13157.03,13504.78,13157.03,13483.87,1870772
2020-06-15,13440.86,13848.54,13440.86,13652.67,931070
2020-06-16,13699.15,13832.90,13699.15,13814.88,1632725
2020-06-17,13765.10,13896.87,13719.45,13808.16,1699088
2020-06-18,13753.35,13753.35,13601.85,13640.48,683769
2020-06-19,13607.71,13735.57,13430.33,13582.95,553971
2020-06-22,13580.08,13795.86,13498.18,13647.02,742239
2020-06-23,13664.60,13698.01,13495.19,13596.60,691127
2020-06-24,13583.70,13588.65,13423.49,13506.07,891292
2020-06-25,13476.49,13476.49,13370.81,13398.59,1063215
2020-06-26,13355.36,13355.36,13300.15,13323.93,1901193
2020-06-29,13333.49,13333.49,13115.40,13224.36,1660987
2020-06-30,13273.62,13406.48,13273.62,13367.23,1940885
2020-07-01,13364.69,13577.99,13364.69,13487.82,665580
2020-07-02,13495.50,13495.50,13129.66,13256.36,1583844
2020-07-03,13216.09,13483.39,13180.84,13332.11,1441704
2020-07-06,13365.01,13814.75,13266.22,13540.48,764631
2020-07-07,13508.20,13617.23,13508.20,13605.67,1815388
2020-07-08,13630.39,13852.66,13617.79,13735.22,640534
2020-07-09,13774.41,13983.48,13774.41,13910.29,1589865
2020-07-10,13923.98,13923.98,13549.04,13606.11,1595891
2020-07-13,13613.36,13678.22,13574.62,13626.42,1721962
2020-07-14,13633.25,13907.49,13394.69,13651.09,711792
2020-07-15,13692.36,13939.34,13512.28,13725.81,1053934
2020-07-16,13675.02,13681.56,13514.68,13598.12,1077585
2020-07-17,13587.43,13587.43,13343.39,13428.08,1330037
2020-07-20,13454.48,13600.14,13454.48,13538.47,1063262
2020-07-21,13517.14,13581.73,13517.14,13568.61,1087929
2020-07-22,13619.89,13921.45,13561.57,13741.51,978061
2020-07-23,13777.33,14252.02,13777.33,14026.89,1065014
2020-07-24,14020.35,14153.82,13853.52,14003.67,1353898
2020-07-27,14039.63,14181.19,13806.77,13993.98,1580598
2020-07-28,13983.17,14054.20,13975.01,14014.60,1599507
2020-07-29,14051.93,14066.72,14029.55,14048.13,620853
2020-07-30,14071.13,14177.45,13931.10,14054.27,1074572
2020-07-31,14101.84,14101.84,13848.35,13939.33,1928526
2020-08-03,13903.37,14115.25,13903.37,14094.64,1495271
2020-08-04,14139.12,14139.12,13920.07,13973.50,1944624
2020-08-05,14013.05,14024.67,13996.44,14010.56,949458
2020-08-06,13984.68,14285.98,13984.68,14159.10,1358798
2020-08-07,14179.74,14179.74,13826.44,13844.76,1494253
2020-08-10,13790.31,14127.71,13790.31,14042.77,1029301
2020-08-11,14066.29,14066.29,13587.72,13752.16,1077510
2020-08-12,13724.87,13724.87,13574.68,13623.09,1478736
2020-08-13,13632.30,13691.87,13444.56,13568.21,515408
2020-08-14,13554.56,13554.56,13336.19,13347.48,1857574
2020-08-17,13345.53,13345.53,13202.57,13250.21,1205237
2020-08-18,13224.89,13481.00,13224.89,13469.83,1991271
2020-08-19,13471.69,13733.67,13471.69,13687.00,1003949
2020-08-20,13697.95,14037.10,13697.95,13919.29,1885232
2020-08-21,13918.99,13942.95,13833.28,13888.11,1119927
2020-08-24,13836.49,13998.48,13769.36,13883.92,1984928
2020-08-25,13907.62,14185.77,13907.62,14178.95,1939313
2020-08-26,14198.44,14198.44,13867.59,13909.37,1563916
2020-08-27,13915.85,13948.99,13821.07,13885.03,1116109
2020-08-28,13919.28,13991.28,13919.28,13957.91,883922
2020-08-31,13926.90,14363.66,13926.90,14284.09,968352
2020-09-01,14264.81,14381.77,14187.66,14284.71,1046432
2020-09-02,14233.71,14233.71,14070.92,14135.07,1830426
2020-09-03,14179.10,14179.10,13675.35,13807.39,1549577
2020-09-04,13797.79,14100.19,13797.79,13985.51,816205
2020-09-07,13993.27,14116.68,13993.27,14059.98,1459596
2020-09-08,14012.83,14439.57,14012.83,14262.96,1197574
2020-09-09,14206.45,14251.60,14148.47,14200.04,1073629
2020-09-10,14161.23,14464.69,14086.76,14275.73,684636
2020-09-11,14267.62,14488.57,14267.62,14400.03,1501180
2020-09-14,14385.41,14393.27,14350.93,14372.10,529521
2020-09-15,14316.67,14713.40,14316.67,14591.15,508648
2020-09-16,14572.98,14572.98,14447.14,14509.39,770387
2020-09-17,14458.93,14753.50,14458.93,14670.64,595878
2020-09-18,14681.95,14727.25,14543.41,14635.33,1208491
2020-09-21,14693.42,14693.42,14339.38,14409.93,1527979
2020-09-22,14458.14,14458.14,14291.80,14348.73,1345973
2020-09-23,14315.58,14479.37,14315.58,14469.55,545955
2020-09-24,14486.98,14486.98,14353.78,14390.90,578356
2020-09-25,14405.08,14405.08,14117.32,14231.41,1745549
2020-09-28,14176.73,14480.25,14176.73,14474.59,1946510
2020-09-29,14445.96,14696.83,14445.96,14613.21,1971924
2020-09-30,14589.96,14913.26,14589.96,14765.05,1887611
2020-10-01,14788.76,15019.52,14788.76,14934.35,1378341
2020-10-02,14888.68,15027.91,14888.68,14978.97,739101
2020-10-05,15012.28,15164.76,14891.44,15028.10,1597116
2020-10-06,14987.27,15211.27,14987.27,15192.19,1649530
2020-10-07,15171.60,15171.60,15078.83,15080.70,505742
2020-10-08,15089.65,15164.44,15089.65,15160.28,1536211
2020-10-09,15187.40,15252.80,15168.25,15210.53,712421
2020-10-12,15268.61,15520.61,15268.61,15421.48,1053910
2020-10-13,15364.66,15364.66,15336.99,15349.42,1109363
2020-10-14,15302.26,15327.96,15049.06,15188.51,596236
2020-10-15,15167.69,15292.39,15167.69,15288.36,1417953
2020-10-16,15272.78,15452.99,15272.78,15426.04,1218741
2020-10-19,15397.88,15618.26,15391.00,15504.63,1308904
2020-10-20,15552.52,15566.76,15306.93,15436.85,849760
2020-10-21,15491.49,15772.82,15491.49,15647.80,834276
2020-10-22,15656.44,16133.61,15656.44,15964.48,1418894
2020-10-23,15904.30,16157.92,15904.30,16044.87,1935425
2020-10-26,16042.70,16407.48,16042.70,16264.97,1523667
2020-10-27,16233.95,16502.83,16233.95,16415.44,1159004
2020-10-28,16447.44,16816.47,16447.44,16795.64,1684916
2020-10-29,16798.21,17209.82,16549.58,16879.70,1943347
2020-10-30,16845.75,16917.25,16803.22,16860.23,1225089
2020-11-02,16904.27,16904.27,16562.78,16725.65,1785373
2020-11-03,16772.32,17053.88,16772.32,16988.78,1539841
2020-11-04,16953.57,17086.39,16953.57,17047.34,1083337
2020-11-05,17034.15,17214.63,17034.15,17184.51,992830
2020-11-06,17127.87,17448.19,17127.87,17377.13,1545338
2020-11-09,17398.46,17398.46,17267.88,17290.40,715258
2020-11-10,17335.48,17335.48,17232.66,17253.75,1767106
2020-11-11,17262.36,17577.36,17262.36,17531.89,1872787
2020-11-12,17469.38,17604.63,17011.60,17308.12,967493
2020-11-13,17321.95,17516.43,17310.46,17413.44,1878179
2020-11-16,17435.58,17435.58,17164.79,17278.77,504607
2020-11-17,17250.02,17299.73,16871.06,17085.39,1594682
2020-11-18,17084.36,17084.36,16982.05,17027.67,1358177
2020-11-19,17086.28,17359.08,17086.28,17242.01,1323963
2020-11-20,17219.66,17577.72,17076.49,17327.10,1369207
2020-11-23,17274.88,17657.45,17274.88,17600.46,1444776
2020-11-24,17665.77,17665.77,17302.08,17350.68,509096
2020-11-25,17397.71,17397.71,17288.40,17296.61,1512781
2020-11-26,17323.15,17718.90,17323.15,17607.45,864171
2020-11-27,17621.61,17674.33,17528.95,17601.64,1174955
2020-11-30,17660.21,17660.21,17408.49,17412.01,1020594
2020-12-01,17405.44,17694.31,16993.37,17343.84,779701
2020-12-02,17345.55,17667.54,17345.55,17523.35,1971140
2020-12-03,17530.86,17530.86,17330.15,17365.55,955800
2020-12-04,17344.06,17640.79,17271.42,17456.11,1910069
2020-12-07,17411.11,17836.00,17411.11,17672.50,1637687
2020-12-08,17651.61,17734.81,17503.01,17618.91,1507408
2020-12-09,17643.47,17643.47,17049.00,17211.40,1619675
2020-12-10,17214.53,17390.50,16876.58,17133.54,552999
2020-12-11,17101.60,17123.82,17062.84,17093.33,837505
2020-12-14,17033.44,17414.12,17033.44,17392.50,1118954
2020-12-15,17385.90,17635.47,17303.66,17469.56,1792073
2020-12-16,17503.44,17865.83,17503.44,17695.96,1677069
2020-12-17,17723.73,17723.73,17412.24,17519.15,1953192
2020-12-18,17583.16,17583.16,17024.37,17293.81,1936861
2020-12-21,17339.47,17339.47,16924.79,17083.51,1829150
2020-12-22,17089.88,17198.76,16824.45,17011.61,1765394
2020-12-23,17004.64,17326.74,16914.55,17120.64,1931639
2020-12-24,17068.51,17732.57,17068.51,17571.40,585216
2020-12-25,17583.20,17583.20,17273.21,17349.47,1034807
2020-12-28,17285.62,17582.23,17285.62,17576.69,1176604
2020-12-29,17624.94,17624.94,17166.45,17301.82,1131567
2020-12-30,17341.13,17341.13,17042.83,17053.31,1166598
2020-12-31,17092.36,17092.36,16528.72,16581.18,834224
2021-01-01,16544.20,16544.20,16304.87,16386.23,947435
2021-01-04,16445.26,16445.26,16207.14,16306.42,1796628
2021-01-05,16369.18,16369.18,15620.31,15700.40,518462
2021-01-06,15718.27,15906.31,15718.27,15829.89,1802607
2021-01-07,15814.86,15873.99,15802.32,15838.15,737762
2021-01-08,15890.27,15890.27,15573.76,15675.69,1286344
2021-01-11,15650.16,15650.16,15457.70,15470.84,1866353
2021-01-12,15429.68,15690.14,15412.75,15551.45,1628214
2021-01-13,15567.56,15567.56,15280.00,15315.36,947060
2021-01-14,15319.99,15538.69,15319.99,15442.06,1973758
2021-01-15,15481.20,15797.59,15481.20,15656.42,651247
2021-01-18,15635.34,15732.44,15588.81,15660.62,683544
2021-01-19,15606.81,15801.25,15606.81,15766.45,977407
2021-01-20,15754.40,15996.43,15754.40,15927.78,1163547
2021-01-21,15945.80,16223.11,15945.80,16202.73,1796772
2021-01-22,16247.87,16573.45,16247.87,16489.61,1250151
2021-01-25,16463.40,16603.05,16463.40,16575.82,681414
2021-01-26,16618.54,16791.37,16204.36,16497.87,564632
2021-01-27,16483.48,16483.48,16250.53,16276.49,1644467
2021-01-28,16326.88,16385.17,16034.78,16209.98,1858829
2021-01-29,16217.12,16217.12,15681.97,15902.59,758442
2021-02-01,15908.64,16179.34,15908.64,16136.00,678523
2021-02-02,16115.84,16239.12,15840.91,16040.01,1365399
2021-02-03,15999.46,16482.48,15999.46,16340.93,1793701
2021-02-04,16380.11,16483.02,16335.49,16409.25,614060
2021-02-05,16404.17,16919.56,16404.17,16672.65,1652730
2021-02-08,16632.29,17021.12,16632.29,16932.15,1717597
2021-02-09,16953.21,16953.21,16757.73,16767.32,709809
2021-02-10,16765.43,16807.51,16708.76,16758.14,1188591
2021-02-11,16766.93,16766.93,16568.61,16643.95,1264398
2021-02-12,16619.08,17134.58,16504.42,16819.50,964573
2021-02-15,16800.59,16947.01,16576.91,16761.96,1925182
2021-02-16,16743.02,16997.71,16456.28,16726.99,1140620
2021-02-17,16671.05,16671.05,16637.70,16642.88,1088494
2021-02-18,16611.36,16771.43,16611.36,16714.91,1814115
2021-02-19,16756.71,16756.71,16488.88,16512.86,1714042
2021-02-22,16519.68,16519.68,16215.42,16312.49,1639737
2021-02-23,16266.64,16600.92,16266.64,16500.12,1323128
2021-02-24,16472.53,16783.28,16337.48,16560.38,1474548
2021-02-25,16495.54,16495.54,16484.74,16485.14,1000969
2021-02-26,16441.07,16883.34,16441.07,16687.34,1578222
2021-03-01,16696.12,16825.29,16696.12,16764.79,806601
2021-03-02,16727.08,16904.39,16599.89,16752.14,1522659
2021-03-03,16774.73,16879.47,16672.16,16775.82,1586084
2021-03-04,16769.73,17002.86,16769.73,16933.15,597386
2021-03-05,16996.60,17257.85,16996.60,17208.84,1828686
2021-03-08,17214.95,17623.25,17163.48,17393.36,864589
2021-03-09,17448.78,17448.78,17169.33,17262.84,663237
2021-03-10,17265.10,17265.10,17066.75,17080.52,1240080
2021-03-11,17133.42,17274.64,17046.06,17160.35,513836
2021-03-12,17102.29,17102.29,17059.87,17060.72,1849469
2021-03-15,17074.65,17122.02,16970.50,17046.26,748156
2021-03-16,16993.53,17065.07,16828.97,16947.02,1916058
2021-03-17,16992.22,16992.22,16810.54,16822.73,547072
2021-03-18,16773.57,16903.21,16763.53,16833.37,1575089
2021-03-19,16800.82,17124.38,16800.82,17081.31,877566
2021-03-22,17100.11,17100.11,16877.38,16891.65,1887779
2021-03-23,16906.05,17396.36,16802.87,17099.62,1488625
2021-03-24,17113.41,17247.87,17113.41,17186.10,1721897
2021-03-25,17153.72,17324.19,17153.72,17245.81,1937788
2021-03-26,17208.53,17259.31,17009.58,17134.45,1308372
2021-03-29,17190.56,17190.56,17146.80,17165.19,1935223
2021-03-30,17161.88,17161.88,17037.73,17074.99,1789220
2021-03-31,17109.46,17109.46,16600.29,16760.35,695433
2021-04-01,16804.27,16804.27,16659.41,16667.19,1923042
2021-04-02,16606.32,16666.52,16409.35,16537.93,1611105
2021-04-05,16573.48,16573.48,16014.49,16145.12,1235089
2021-04-06,16170.52,16170.52,15786.21,15896.35,704927
2021-04-07,15948.50,15948.50,15736.05,15779.37,675778
2021-04-08,15740.11,15959.26,15460.06,15709.66,1987192
2021-04-09,15712.14,15729.94,15700.15,15715.04,1286494
2021-04-12,15697.73,15723.45,15412.19,15567.82,824594
2021-04-13,15572.32,15572.32,15292.09,15364.58,1684199
2021-04-14,15395.92,15395.92,15204.97,15277.75,1366602
2021-04-15,15284.97,15284.97,15025.19,15074.33,1514518
2021-04-16,15099.11,15179.23,14974.45,15076.84,789550
2021-04-19,15070.40,15376.81,15070.40,15236.58,1966562
2021-04-20,15271.45,15335.57,15271.45,15318.05,1654642
2021-04-21,15304.46,15304.46,15005.38,15125.14,1833529
2021-04-22,15176.67,15207.81,15176.67,15206.06,1413052
2021-04-23,15219.32,15376.68,15219.32,15326.68,1305990
2021-04-26,15300.50,15544.69,15300.50,15492.20,1752990
2021-04-27,15491.50,15857.88,15491.50,15781.61,522461
2021-04-28,15754.59,16041.86,15690.29,15866.08,570483
2021-04-29,15880.70,16065.52,15770.31,15917.91,1913531
2021-04-30,15953.53,16244.29,15953.53,16222.89,1240562
2021-05-03,16160.00,16252.95,16024.28,16138.61,1975602
2021-05-04,16181.19,16240.68,16181.19,16217.29,1722497
2021-05-05,16231.09,16231.09,15684.86,15950.45,907948
2021-05-06,15957.93,16372.70,15957.93,16335.71,1555222
2021-05-07,16395.39,16519.01,15918.89,16218.95,1628065
2021-05-10,16279.43,16474.60,16162.09,16318.35,1681050
2021-05-11,16354.33,16354.33,16177.55,16187.40,1929407
2021-05-12,16137.70,16137.70,15916.03,15957.17,641671
2021-05-13,15982.85,15982.85,15579.37,15727.32,1162135
2021-05-14,15752.59,15752.59,15531.29,15591.69,1052284
2021-05-17,15631.74,15653.43,15544.02,15598.73,659443
2021-05-18,15563.61,15563.61,15474.53,15500.46,1703162
2021-05-19,15551.29,15750.98,15160.33,15455.65,1546477
2021-05-20,15426.65,15540.86,15361.97,15451.41,980683
2021-05-21,15408.89,15585.54,15407.23,15496.38,723743
2021-05-24,15495.47,15588.50,15495.47,15554.36,513890
2021-05-25,15552.15,15734.03,15426.40,15580.22,1801634
2021-05-26,15589.50,15675.58,15195.50,15435.54,1076156
2021-05-27,15408.40,15408.40,14917.91,14937.65,965762
2021-05-28,14928.47,15005.82,14881.53,14943.68,1634072
2021-05-31,14976.66,15125.36,14976.66,15102.86,1458809
2021-06-01,15125.72,15398.84,15125.72,15371.06,524788
2021-06-02,15354.05,15404.40,15193.63,15299.02,1044631
2021-06-03,15355.14,15445.08,15269.34,15357.21,1219525
2021-06-04,15381.87,15381.87,15121.06,15227.06,1280789
2021-06-07,15235.76,15235.76,15026.50,15117.52,1707734
2021-06-08,15154.30,15201.48,14799.43,15000.46,1664632
2021-06-09,15055.56,15055.56,14807.03,14854.73,813625
2021-06-10,14811.29,14840.18,14811.29,14837.39,1822573
2021-06-11,14813.66,14813.66,14556.45,14576.16,1678889
2021-06-14,14536.90,14642.67,14536.90,14614.51,951867
2021-06-15,14608.64,14816.07,14571.73,14693.90,1201825
2021-06-16,14730.34,14800.08,14580.06,14690.07,1221714
2021-06-17,14744.50,14787.34,14744.50,14779.93,917245
2021-06-18,14836.61,14836.61,14492.96,14570.76,1096867
2021-06-21,14598.33,14598.33,14289.73,14424.96,664432
2021-06-22,14383.98,14395.62,14268.57,14332.09,851431
2021-06-23,14344.97,14344.97,13902.13,14100.85,1348869
2021-06-24,14070.19,14177.38,14070.19,14142.26,1164541
2021-06-25,14130.43,14146.86,13859.88,14003.37,1433019
2021-06-28,14005.71,14340.68,13822.32,14081.50,1444323
2021-06-29,14107.16,14107.16,13963.36,13999.81,1888361
2021-06-30,13967.39,14186.08,13819.22,14002.65,1332664
2021-07-01,14008.08,14078.62,14008.08,14054.20,555291
2021-07-02,14009.67,14220.29,13950.20,14085.24,1796254
2021-07-05,14063.76,14357.77,14063.76,14221.44,1018828
2021-07-06,14224.48,14335.20,14091.78,14213.49,857790
2021-07-07,14193.62,14483.43,14193.62,14453.19,1498568
2021-07-08,14458.81,14458.81,14087.88,14134.34,783356
2021-07-09,14145.37,14416.89,14145.37,14383.30,1823402
2021-07-12,14399.39,14620.63,14152.82,14386.73,1619426
2021-07-13,14421.80,14435.07,14239.48,14337.27,1426648
2021-07-14,14281.14,14392.59,14174.13,14283.36,1597473
2021-07-15,14279.84,14618.14,14210.97,14414.56,517442
2021-07-16,14391.45,14470.31,14225.26,14347.79,1402688
2021-07-19,14353.32,14565.93,14271.25,14418.59,895462
2021-07-20,14379.75,14379.75,14169.72,14246.07,1854740
2021-07-21,14237.21,14237.21,14060.68,14130.54,1002397
2021-07-22,14152.46,14152.46,13829.72,13850.26,1070142
2021-07-23,13840.61,13976.08,13623.54,13799.81,643579
2021-07-26,13812.80,13941.48,13775.72,13858.60,1070706
2021-07-27,13820.03,13929.53,13686.67,13808.10,1621914
2021-07-28,13766.68,14270.85,13766.68,14228.92,1419426
2021-07-29,14228.19,14299.04,14136.42,14217.73,1217043
2021-07-30,14203.10,14203.10,13881.65,13975.19,1961578
2021-08-02,14025.69,14113.51,13920.99,14017.25,617520
2021-08-03,13981.55,14116.77,13896.01,14006.39,1024454
2021-08-04,14036.44,14326.26,13942.14,14134.20,1022111
2021-08-05,14190.12,14190.12,13616.49,13813.69,917710
2021-08-06,13866.97,13866.97,13513.32,13558.34,1491587
2021-08-09,13521.31,13521.31,13090.90,13263.11,588470
2021-08-10,13261.11,13394.95,13129.20,13262.07,1126656
2021-08-11,13232.13,13577.25,13156.50,13366.87,736828
2021-08-12,13355.73,13416.74,13192.22,13304.48,1009795
2021-08-13,13301.85,13355.62,13301.85,13353.88,1750347
2021-08-16,13353.87,13657.46,13353.10,13505.28,1938530
2021-08-17,13518.80,13518.80,13085.65,13250.55,625357
2021-08-18,13208.93,13250.10,13154.59,13202.35,1523080
2021-08-19,13229.46,13549.35,12957.82,13253.58,1420060
2021-08-20,13277.38,13277.38,13233.81,13255.55,1025748
2021-08-23,13233.78,13472.98,13233.78,13400.10,1961794
2021-08-24,13381.20,13381.20,13200.85,13209.29,1482294
2021-08-25,13215.05,13364.49,12975.02,13169.75,644444
2021-08-26,13174.14,13174.14,12993.02,13014.95,1452272
2021-08-27,12982.21,13231.18,12982.21,13230.50,539258
2021-08-30,13211.52,13211.52,13063.77,13131.53,632837
2021-08-31,13134.06,13143.75,12927.82,13035.79,1543436
2021-09-01,13026.38,13109.04,12989.76,13049.40,1175333
2021-09-02,13084.39,13274.53,13084.39,13193.01,772156
2021-09-03,13160.46,13238.41,13160.46,13214.59,566725
2021-09-06,13217.32,13217.32,12878.21,12962.67,1970762
2021-09-07,12985.26,12985.26,12910.99,12928.49,527443
2021-09-08,12968.80,13054.48,12968.80,13024.44,667681
2021-09-09,13049.81,13049.81,12794.09,12823.05,1372317
2021-09-10,12835.04,13105.47,12776.93,12941.20,1609437
2021-09-13,12987.23,13010.54,12987.23,13000.58,1589439
2021-09-14,12968.28,13296.40,12968.28,13199.90,1603504
2021-09-15,13206.07,13210.34,12985.14,13097.74,1670507
2021-09-16,13082.86,13082.86,13017.69,13042.53,1462006
2021-09-17,13073.04,13105.97,12897.74,13001.85,1653361
2021-09-20,13053.70,13053.70,12844.15,12898.01,1429063
2021-09-21,12949.28,13283.21,12949.28,13191.56,1279552
2021-09-22,13172.93,13172.93,12939.68,13016.26,1004831
2021-09-23,13060.64,13060.64,12899.47,12926.98,1032863
2021-09-24,12875.29,12915.67,12743.46,12829.56,572693
2021-09-27,12880.21,13044.21,12880.21,13029.33,1133007
2021-09-28,13010.04,13473.00,13010.04,13460.29,1946445
2021-09-29,13467.90,13833.66,13398.14,13615.90,1698756
2021-09-30,13576.51,13670.25,13576.51,13645.43,1269828
2021-10-01,13623.63,13793.94,13623.63,13741.07,1696398
2021-10-04,13765.65,13765.65,13324.24,13464.95,1511945
2021-10-05,13473.16,13781.80,13424.59,13603.19,699992
2021-10-06,13611.50,13611.50,13449.84,13500.86,664579
2021-10-07,13541.89,13810.15,13332.36,13571.26,1410802
2021-10-08,13541.59,13541.59,13202.25,13308.68,1868977
2021-10-11,13322.75,13716.79,13316.94,13516.86,613514
2021-10-12,13478.97,13536.49,13477.96,13507.23,1553612
2021-10-13,13560.97,13560.97,13425.69,13484.12,1434524
2021-10-14,13476.77,13633.17,13352.91,13493.04,1326954
2021-10-15,13519.52,13659.42,13502.97,13581.19,1649558
2021-10-18,13610.94,13610.94,13507.42,13534.24,773416
2021-10-19,13522.90,13675.72,13430.05,13552.88,1698167
2021-10-20,13525.37,13770.06,13487.73,13628.90,650248
2021-10-21,13637.19,13731.62,13503.58,13617.60,735992
2021-10-22,13598.07,13645.98,13447.00,13546.49,1745450
2021-10-25,13530.20,13555.53,13253.41,13404.47,1427381
2021-10-26,13375.89,13375.89,13213.18,13292.66,1937302
2021-10-27,13251.44,13251.44,12994.90,13119.80,614374
2021-10-28,13154.69,13279.14,12988.98,13134.06,1103319
2021-10-29,13128.81,13381.61,13128.81,13367.54,547706
2021-11-01,13372.51,13400.71,13100.14,13250.42,1042445
2021-11-02,13271.10,13271.10,13011.91,13055.60,1901444
2021-11-03,13007.92,13271.31,13007.92,13255.27,857186
2021-11-04,13231.02,13380.21,13231.02,13354.04,1475093
2021-11-05,13329.61,13359.63,13329.61,13348.31,1884330
2021-11-08,13389.25,13389.25,13268.58,13307.43,1310597
2021-11-09,13264.80,13433.00,13227.29,13330.14,1161559
2021-11-10,13298.03,13298.03,13119.05,13132.57,1460466
2021-11-11,13176.93,13176.93,12859.31,12919.56,1139479
2021-11-12,12903.72,12939.51,12763.01,12851.26,1238015
2021-11-15,12900.46,12900.46,12712.45,12780.34,1078558
2021-11-16,12820.26,12994.91,12730.00,12862.45,561794
2021-11-17,12846.17,13289.74,12846.17,13201.80,1323859
2021-11-18,13250.45,13250.45,13134.25,13171.62,1784397
2021-11-19,13179.30,13451.00,13179.30,13335.37,1394361
2021-11-22,13339.87,13710.41,13339.87,13666.62,933601
2021-11-23,13634.07,13670.57,13438.39,13554.48,789636
2021-11-24,13514.93,13628.61,13317.07,13472.84,804406
2021-11-25,13426.26,13482.49,13254.88,13368.68,1617701
2021-11-26,13409.28,13463.15,13409.28,13446.15,561831
2021-11-29,13436.60,13701.27,13262.51,13481.89,1429047
2021-11-30,13507.60,13678.02,13280.81,13479.41,818677
2021-12-01,13507.72,13548.04,13447.91,13497.97,1783418
2021-12-02,13508.38,13508.38,13251.52,13348.42,984258
2021-12-03,13345.92,13390.95,13206.98,13298.96,1553451
2021-12-06,13265.34,13499.04,13265.34,13400.58,1312563
2021-12-07,13350.43,13350.43,13320.27,13323.36,531487
2021-12-08,13341.63,13778.72,13341.63,13658.81,925372
2021-12-09,13711.88,13711.88,13626.95,13667.03,1794067
2021-12-10,13639.34,13639.34,13529.34,13535.36,1349067
2021-12-13,13559.20,13720.62,13429.71,13575.16,1326593
2021-12-14,13577.90,13577.90,13273.89,13386.73,1976631
2021-12-15,13421.75,13560.21,13308.51,13434.36,588952
2021-12-16,13486.36,13577.97,13465.99,13521.98,582316
2021-12-17,13473.23,13473.23,13309.31,13354.61,1110647
2021-12-20,13331.74,13331.74,12987.89,13067.77,849147
2021-12-21,13069.54,13069.54,12826.48,12892.50,798298
2021-12-22,12892.57,12892.57,12659.46,12692.40,877007
2021-12-23,12655.37,12993.17,12523.53,12758.35,1367296
2021-12-24,12798.83,12798.83,12728.59,12748.94,923482
2021-12-27,12764.09,12830.21,12764.09,12800.49,1992060
2021-12-28,12760.98,13027.87,12716.35,12872.11,1442456
2021-12-29,12895.47,12895.47,12804.08,12836.19,1573042
2021-12-30,12789.35,12814.55,12737.04,12775.80,858371
2021-12-31,12740.03,13009.66,12740.03,12940.19,803263
2022-01-03,12920.48,13192.74,12898.06,13045.40,1435871
2022-01-04,13093.45,13093.45,12964.69,13028.04,507409
2022-01-05,13065.09,13065.09,12897.52,12952.20,1639804
2022-01-06,12922.86,13160.73,12895.93,13028.33,1883010
2022-01-07,13038.76,13038.76,12867.50,12883.47,1013200
2022-01-10,12916.46,13031.73,12916.46,12975.65,935447
2022-01-11,12927.56,13078.01,12927.56,13060.24,568015
2022-01-12,13104.16,13104.16,12754.94,12924.65,602826
2022-01-13,12902.36,13503.91,12902.36,13291.53,1886059
2022-01-14,13257.23,13355.70,13092.31,13224.01,1454912
2022-01-17,13252.41,13327.89,13129.43,13228.66,1177006
2022-01-18,13220.97,13220.97,13059.85,13134.65,1654421
2022-01-19,13172.42,13341.33,13172.42,13294.10,1190400
2022-01-20,13306.02,13306.02,13096.71,13118.19,729223
2022-01-21,13074.91,13074.91,12627.78,12750.00,1944212
2022-01-24,12742.56,12742.56,12446.17,12553.58,1163724
2022-01-25,12596.47,12677.33,12417.19,12547.26,1788259
2022-01-26,12546.51,12546.51,12347.43,12393.11,877292
2022-01-27,12362.73,12522.29,12362.73,12474.18,747898
2022-01-28,12508.92,12696.28,12508.92,12675.11,1790394
2022-01-31,12681.24,12829.41,12681.24,12828.74,1836941
2022-02-01,12803.53,13024.83,12740.41,12882.62,642262
2022-02-02,12831.72,12939.21,12712.93,12826.07,1938301
2022-02-03,12873.28,12873.28,12670.09,12758.17,868320
2022-02-04,12756.04,13039.18,12676.16,12857.67,1495099
2022-02-07,12870.75,13065.51,12782.91,12924.21,1626102
2022-02-08,12968.44,13129.20,12968.44,13058.95,617487
2022-02-09,13039.67,13203.40,13039.67,13127.78,1623833
2022-02-10,13171.49,13343.30,13171.49,13327.01,1241543
2022-02-11,13309.86,13435.37,13309.86,13410.91,1286936
2022-02-14,13399.06,13399.06,13067.61,13211.49,1748207
2022-02-15,13249.31,13535.49,13249.31,13410.95,1988642
2022-02-16,13382.81,13592.34,13382.81,13570.36,1447716
2022-02-17,13535.08,13718.99,13535.08,13638.30,1284787
2022-02-18,13632.16,13886.23,13518.02,13702.13,552292
2022-02-21,13684.60,14036.37,13583.15,13809.76,1513914
2022-02-22,13770.35,13926.77,13661.72,13794.24,706048
2022-02-23,13753.71,14196.20,13726.30,13961.25,576656
2022-02-24,13905.87,13905.87,13681.03,13724.54,592337
2022-02-25,13720.90,13783.74,13515.16,13649.45,596762
2022-02-28,13597.31,13978.48,13597.31,13865.26,1154611
2022-03-01,13841.59,13858.97,13743.80,13801.39,1616263
2022-03-02,13762.67,13842.48,13629.13,13735.81,1073858
2022-03-03,13692.11,14221.65,13692.11,14036.64,1637765
2022-03-04,14059.59,14059.59,13881.67,13960.06,1094055
2022-03-07,14003.86,14003.86,13848.58,13878.89,1633672
2022-03-08,13898.38,13898.38,13786.42,13806.47,722144
2022-03-09,13829.08,13829.08,13731.54,13762.50,1743099
2022-03-10,13746.61,13746.61,13483.75,13603.87,1196950
2022-03-11,13607.51,13866.17,13552.76,13709.47,1476633
2022-03-14,13731.25,13731.25,13632.62,13652.39,703975
2022-03-15,13648.61,13648.61,13387.17,13431.77,985897
2022-03-16,13405.77,13536.74,13405.77,13517.36,1262208
2022-03-17,13548.59,13548.59,13234.60,13337.60,1181073
2022-03-18,13321.75,13321.75,13299.43,13307.00,1467293
2022-03-21,13314.95,13453.16,13310.53,13381.84,1565247
2022-03-22,13363.20,13730.60,13363.20,13610.52,1861998
2022-03-23,13620.38,13773.89,13620.38,13734.04,1000328
2022-03-24,13721.28,13721.28,13503.54,13597.18,1214529
2022-03-25,13649.41,13825.33,13502.92,13664.13,1689528
2022-03-28,13681.90,13847.49,13581.92,13714.70,663356
2022-03-29,13672.39,13874.99,13532.55,13703.77,1750060
2022-03-30,13668.27,13668.27,13485.26,13516.79,1351011
2022-03-31,13546.13,13610.70,13546.13,13588.78,1294633
2022-04-01,13558.08,13626.75,13354.29,13490.52,791329
2022-04-04,13436.58,13900.38,13436.58,13746.95,807705
2022-04-05,13759.66,13762.38,13560.55,13661.47,1437762
2022-04-06,13669.15,13900.86,13589.83,13745.34,1925138
2022-04-07,13798.41,13869.35,13381.23,13625.29,1221975
2022-04-08,13626.43,13843.43,13626.43,13834.58,767503
2022-04-11,13886.37,13905.50,13842.27,13873.89,501768
2022-04-12,13913.98,13989.49,13600.75,13795.12,565399
2022-04-13,13775.05,13993.19,13653.09,13823.14,1302768
2022-04-14,13787.03,13787.03,13624.79,13689.45,791648
2022-04-15,13726.68,13852.33,13653.21,13752.77,823521
2022-04-18,13699.04,13896.54,13468.33,13682.43,1859770
2022-04-19,13675.51,13952.09,13675.51,13934.67,784742
2022-04-20,13929.77,14217.04,13929.77,14135.44,1958339
2022-04-21,14136.50,14136.50,13935.86,14007.30,1657732
2022-04-22,13998.87,14179.20,13979.93,14079.57,515581
2022-04-25,14079.76,14079.76,13712.37,13812.26,1361589
2022-04-26,13761.19,14066.38,13761.19,14001.54,1513486
2022-04-27,14022.87,14037.56,13933.10,13985.33,797979
2022-04-28,14013.37,14101.29,13832.31,13966.80,1085986
2022-04-29,13920.82,13920.82,13900.23,13909.97,1490802
2022-05-02,13930.45,13930.45,13638.81,13756.79,1630778
2022-05-03,13739.57,13892.98,13711.90,13802.44,522614
2022-05-04,13828.26,13828.26,13598.65,13623.84,1382934
2022-05-05,13587.61,13606.18,13138.75,13372.46,1957627
2022-05-06,13379.28,13684.67,13379.28,13600.99,628802
2022-05-09,13618.00,13618.00,13365.08,13467.03,1111850
2022-05-10,13422.06,13689.96,13409.35,13549.66,1560311
2022-05-11,13562.21,13882.14,13562.21,13793.16,1077172
2022-05-12,13757.26,13829.67,13757.26,13815.22,1741031
2022-05-13,13779.35,13965.16,13644.41,13804.78,1969631
2022-05-16,13753.22,13887.84,13749.81,13818.83,677002
2022-05-17,13856.15,14061.25,13856.15,14030.72,1366014
2022-05-18,14046.16,14132.80,13969.71,14051.26,942198
2022-05-19,14024.77,14024.77,13688.01,13786.65,743257
2022-05-20,13784.03,13997.38,13784.03,13957.29,1616777
2022-05-23,13930.78,14154.95,13819.91,13987.43,1612417
2022-05-24,13981.70,14022.28,13981.70,14009.78,1922903
2022-05-25,13964.65,14061.58,13812.45,13937.01,1614202
2022-05-26,13983.62,13983.62,13479.20,13685.70,1071663
2022-05-27,13702.60,13702.60,13555.47,13628.88,1320308
2022-05-30,13647.62,13647.62,13370.77,13409.39,908788
2022-05-31,13389.36,13389.36,13168.00,13187.69,522183
2022-06-01,13207.26,13637.40,13207.26,13458.99,1237183
2022-06-02,13407.71,13573.89,13402.35,13488.12,692814
2022-06-03,13457.56,13736.92,13457.56,13685.88,1757001
2022-06-06,13724.91,13724.91,13405.26,13533.84,772435
2022-06-07,13566.67,13566.67,13227.17,13353.74,887487
2022-06-08,13350.21,13645.29,13350.21,13544.48,658784
2022-06-09,13536.57,13536.57,13143.06,13326.30,1900015
2022-06-10,13280.88,13441.15,13255.30,13348.23,630835
2022-06-13,13396.88,13396.88,13189.13,13252.67,1055042
2022-06-14,13220.93,13318.82,13220.93,13282.86,1323414
2022-06-15,13311.42,13475.52,13253.13,13364.33,957989
2022-06-16,13338.56,13348.33,13282.56,13315.44,573108
2022-06-17,13309.68,13558.66,13309.68,13496.98,1543755
2022-06-20,13514.76,13756.78,13507.72,13632.25,1058757
2022-06-21,13578.13,13797.20,13578.13,13717.82,1983956
2022-06-22,13755.57,13938.43,13755.57,13891.22,647009
2022-06-23,13926.56,13926.56,13882.08,13884.32,1510966
2022-06-24,13865.82,14126.04,13865.82,14030.90,1135076
2022-06-27,13984.95,13984.95,13762.95,13853.89,1621192
2022-06-28,13882.76,14026.37,13865.60,13945.99,1108087
2022-06-29,13933.06,13947.52,13837.42,13892.47,900562
2022-06-30,13913.46,13954.85,13746.42,13850.64,1520271
2022-07-01,13810.74,14127.80,13810.74,14047.58,904944
2022-07-04,14035.08,14642.10,14035.08,14580.51,1633619
2022-07-05,14616.88,14616.88,14359.58,14465.51,534431
2022-07-06,14412.60,14534.50,14412.60,14525.46,747856
2022-07-07,14576.60,14752.24,14424.64,14588.44,1625250
2022-07-08,14534.39,14847.16,14534.39,14723.34,796936
2022-07-11,14737.28,14737.28,14694.91,14696.50,1008942
2022-07-12,14643.59,14734.53,14617.03,14675.78,1144533
2022-07-13,14715.16,14761.69,14666.27,14713.98,634128
2022-07-14,14749.20,14803.07,14701.95,14752.51,962574
2022-07-15,14792.15,14892.87,14792.15,14862.20,1922703
2022-07-18,14867.66,14867.66,14763.87,14798.29,1174422
2022-07-19,14809.31,15138.51,14777.64,14958.08,1203602
2022-07-20,14918.36,15126.22,14918.36,15089.15,1275793
2022-07-21,15033.70,15033.70,14879.61,14921.52,709647
2022-07-22,14880.67,15151.18,14825.79,14988.49,1521244
2022-07-25,15013.28,15019.30,15005.36,15012.33,1745143
2022-07-26,15045.06,15233.54,15045.06,15152.16,1951980
2022-07-27,15146.15,15272.93,15146.15,15224.88,1001751
2022-07-28,15185.90,15514.16,15185.90,15450.29,1548340
2022-07-29,15425.71,15433.06,15365.13,15399.09,1378257
2022-08-01,15402.81,15535.75,15402.81,15533.16,700663
2022-08-02,15534.09,15534.09,15117.55,15281.82,1473531
2022-08-03,15244.38,15497.29,15143.29,15320.29,812931
2022-08-04,15280.62,15435.94,14855.10,15145.52,1905390
2022-08-05,15110.33,15220.92,15110.33,15202.14,1027185
2022-08-08,15146.60,15237.12,14864.21,15050.67,610009
2022-08-09,15048.87,15185.20,15048.87,15151.18,743406
2022-08-10,15160.85,15309.00,15160.85,15270.76,1378845
2022-08-11,15304.84,15533.01,15185.37,15359.19,1183948
2022-08-12,15322.32,15472.07,15294.15,15383.11,962763
2022-08-15,15375.22,15669.52,15375.22,15596.33,953331
2022-08-16,15550.96,15838.10,15550.96,15777.70,907172
2022-08-17,15730.65,15730.65,15208.33,15454.84,1951670
2022-08-18,15450.58,15450.58,15290.48,15331.78,1377078
2022-08-19,15344.49,15512.43,15314.88,15413.65,1837981
2022-08-22,15420.16,15862.47,15420.16,15782.87,981720
2022-08-23,15845.46,16221.47,15845.46,16091.25,1740635
2022-08-24,16058.79,16628.69,16058.79,16604.34,1410685
2022-08-25,16557.71,16557.71,16131.98,16262.33,1703137
2022-08-26,16326.24,16503.58,16326.24,16422.69,1557418
2022-08-29,16461.85,16687.42,16461.85,16653.31,705519
2022-08-30,16588.35,16588.35,16497.41,16526.05,1352739
2022-08-31,16545.57,16649.49,16545.57,16627.70,690273
2022-09-01,16622.28,16933.22,16622.28,16913.28,1696175
2022-09-02,16950.06,16950.06,16889.41,16919.26,1974580
2022-09-05,16914.43,16914.43,16514.54,16645.27,1828340
2022-09-06,16670.67,16918.66,16670.67,16917.05,1613420
2022-09-07,16977.42,17150.82,16977.42,17121.59,1637568
2022-09-08,17138.09,17138.09,16968.73,17010.61,1204002
2022-09-09,17034.38,17056.73,16966.42,17011.58,608134
2022-09-12,16993.28,17242.83,16993.28,17159.40,867562
2022-09-13,17196.96,17196.96,16815.78,16984.73,790258
2022-09-14,16981.81,17144.50,16981.81,17132.70,1716598
2022-09-15,17168.46,17503.56,17168.46,17348.24,1172061
2022-09-16,17317.31,17348.13,17175.45,17261.79,632894
2022-09-19,17307.30,17307.30,17011.97,17118.85,1486005
2022-09-20,17090.40,17250.02,16855.24,17052.63,1802229
2022-09-21,17117.85,17117.85,16716.33,16863.87,637631
2022-09-22,16849.13,17280.11,16760.85,17020.48,874995
2022-09-23,16989.97,17238.34,16585.24,16911.79,1961887
2022-09-26,16972.96,17045.71,16922.31,16984.01,547584
2022-09-27,16934.01,17195.02,16513.75,16854.38,1227083
2022-09-28,16812.46,16812.46,16483.35,16586.96,546214
2022-09-29,16606.16,16757.75,16606.16,16688.28,1363380
2022-09-30,16686.43,16686.43,16361.15,16451.66,1896399
2022-10-03,16425.87,16576.14,16105.41,16340.77,776728
2022-10-04,16305.06,16541.23,16305.06,16474.50,1279935
2022-10-05,16455.14,16837.57,16455.14,16795.78,1456147
2022-10-06,16800.52,17108.00,16800.52,17056.94,882269
2022-10-07,17079.64,17472.65,17079.64,17428.33,821880
2022-10-10,17438.72,17546.12,17428.66,17487.39,1424610
2022-10-11,17422.29,17574.51,17397.60,17486.05,1164679
2022-10-12,17552.57,17615.00,17552.57,17604.12,1619130
2022-10-13,17604.04,17763.87,17172.41,17468.14,804892
2022-10-14,17533.84,18009.98,17533.84,17904.99,1645350
2022-10-17,17901.25,18111.76,17901.25,18092.09,1107811
2022-10-18,18116.25,18483.20,18116.25,18436.67,1685376
2022-10-19,18379.49,18707.26,18053.69,18380.48,1504496
2022-10-20,18352.26,18527.42,18352.26,18480.24,1342278
2022-10-21,18454.57,18454.57,18308.95,18378.23,1775385
2022-10-24,18442.29,18442.29,18063.09,18211.49,1082855
2022-10-25,18237.29,18304.61,18190.55,18247.58,683242
2022-10-26,18262.64,18481.86,18262.64,18459.67,1572810
2022-10-27,18407.68,19010.25,18407.68,18896.07,1396827
2022-10-28,18873.60,18873.60,18657.14,18762.24,1434440
2022-10-31,18753.86,18879.27,18753.86,18833.81,1371596
2022-11-01,18904.68,19016.45,18782.79,18899.62,1388840
2022-11-02,18914.42,19030.97,18723.86,18877.41,801233
2022-11-03,18950.91,19113.24,18783.90,18948.57,638654
2022-11-04,18873.78,19301.45,18873.78,19218.31,1839673
2022-11-07,19250.63,19501.28,19250.63,19419.59,787156
2022-11-08,19418.12,19836.28,19279.16,19557.72,1133325
2022-11-09,19552.00,19775.66,19546.64,19661.15,556287
2022-11-10,19683.26,19789.41,19614.54,19701.97,1834964
2022-11-11,19688.92,19688.92,19350.75,19389.23,1531560
2022-11-14,19430.29,19784.63,19430.29,19660.53,1534001
2022-11-15,19673.28,19753.20,19673.28,19751.13,1686095
2022-11-16,19826.07,19826.07,19552.78,19599.76,750785
2022-11-17,19544.27,20370.55,19544.27,20184.39,1466879
2022-11-18,20147.69,20341.67,20147.69,20281.54,1379784
2022-11-21,20247.73,20247.73,19616.53,19914.00,1839967
2022-11-22,19863.54,20246.59,19863.54,20171.69,698199
2022-11-23,20142.03,20142.03,20011.14,20067.15,1936480
2022-11-24,20045.08,20251.92,20009.97,20130.94,1620760
2022-11-25,20175.84,20175.84,18982.74,19118.94,1364015
2022-11-28,19066.10,19148.03,18592.67,18870.35,963708
2022-11-29,18898.98,19299.49,18829.86,19064.68,1602373
2022-11-30,19110.82,19464.80,19067.20,19266.00,1375238
2022-12-01,19331.26,19331.26,19174.30,19189.22,1505622
2022-12-02,19180.31,19192.41,18815.31,19003.86,1753360
2022-12-05,18974.17,18974.17,18390.30,18446.46,748715
2022-12-06,18406.11,18810.59,18239.51,18525.05,762865
2022-12-07,18564.03,19084.67,18275.63,18680.15,734298
2022-12-08,18611.78,19132.72,18611.78,19010.49,726109
2022-12-09,19005.78,19373.96,19005.78,19327.87,1030605
2022-12-12,19392.83,19392.83,18893.56,18927.76,930757
2022-12-13,18856.48,18865.24,18760.88,18813.06,805255
2022-12-14,18790.16,19406.91,18790.16,19108.80,836713
2022-12-15,19109.55,19559.29,19109.55,19348.02,643313
2022-12-16,19419.88,19419.88,18671.43,18785.68,860235
2022-12-19,18725.37,19117.13,18725.37,19008.64,948822
2022-12-20,19038.77,19529.47,19038.77,19385.54,888236
2022-12-21,19363.03,19363.03,18740.03,18879.54,1296110
2022-12-22,18919.02,18919.02,18576.78,18658.48,1159093
2022-12-23,18697.63,18789.25,18688.44,18738.85,1977927
2022-12-26,18737.90,18895.58,18435.02,18665.30,1306944
2022-12-27,18736.40,18808.27,18416.96,18612.62,1431042
2022-12-28,18601.89,18802.28,18502.91,18652.60,645980
2022-12-29,18632.82,19127.06,18632.82,18960.61,526813
2022-12-30,18951.21,19219.64,18951.21,19218.22,1881075
2023-01-02,19248.20,19248.20,19108.27,19176.93,713326
2023-01-03,19156.02,19480.50,18839.16,19159.83,917514
2023-01-04,19102.01,19185.29,18840.82,19013.06,1390669
2023-01-05,19025.52,19113.91,18873.23,18993.57,1072465
2023-01-06,18971.70,19287.43,18745.42,19016.43,1898123
2023-01-09,18982.79,18982.79,18757.01,18848.97,1453438
2023-01-10,18868.33,19054.71,18868.33,18982.83,782294
2023-01-11,18982.55,19383.06,18982.55,19336.43,556096
2023-01-12,19282.72,19582.75,19282.72,19556.14,1804358
2023-01-13,19559.26,19559.26,19115.04,19296.00,1532192
2023-01-16,19294.50,19442.07,19243.22,19342.64,1048751
2023-01-17,19268.01,19268.01,18892.82,18965.05,566266
2023-01-18,18957.48,19433.27,18957.48,19414.76,1289234
2023-01-19,19439.51,19439.51,19352.01,19366.70,1135530
2023-01-20,19337.65,19534.20,19337.65,19472.86,1315960
2023-01-23,19497.80,19497.80,19368.82,19374.64,1937333
2023-01-24,19321.37,19321.37,19100.46,19142.39,616889
2023-01-25,19160.30,19160.30,18842.32,18953.18,1239799
2023-01-26,18966.89,19101.45,18856.28,18978.86,768850
2023-01-27,18907.03,19209.89,18907.03,19089.95,1811040
2023-01-30,19068.17,19101.85,18986.91,19044.38,1236665
2023-01-31,19015.75,19243.09,19015.75,19203.48,678135
2023-02-01,19178.53,19308.94,19178.53,19278.88,541339
2023-02-02,19266.92,19266.92,19217.87,19227.94,1579529
2023-02-03,19241.47,19445.68,19241.47,19375.36,1163778
2023-02-06,19423.15,19423.15,19120.40,19225.88,709834
2023-02-07,19273.78,19276.08,19083.44,19179.76,1899613
2023-02-08,19169.94,19203.60,18850.67,19027.14,1542183
2023-02-09,19080.46,19080.46,18349.31,18650.22,948958
2023-02-10,18635.60,18687.18,18597.36,18642.27,973717
2023-02-13,18653.93,18653.93,18014.91,18272.38,1741230
2023-02-14,18268.77,18285.69,18193.32,18239.51,939854
2023-02-15,18240.18,18246.57,18152.08,18199.32,1128954
2023-02-16,18185.10,18185.10,17899.17,17971.91,1810644
2023-02-17,18026.67,18026.67,17656.17,17676.36,1816684
2023-02-20,17635.77,17833.94,17301.91,17567.92,1479989
2023-02-21,17617.50,17740.18,17345.74,17542.96,1409586
2023-02-22,17500.95,17934.71,17500.95,17843.65,1469904
2023-02-23,17815.14,17985.00,17815.14,17919.96,1413076
2023-02-24,17939.16,17939.16,17438.42,17586.40,1364945
2023-02-27,17612.69,17690.07,17461.85,17575.96,995200
2023-02-28,17540.19,17540.19,17463.67,17501.71,1151250
2023-03-01,17522.28,17522.28,17221.65,17260.84,577602
2023-03-02,17300.84,17418.81,17209.37,17314.09,1082530
2023-03-03,17378.33,17378.33,17183.09,17254.65,1518884
2023-03-06,17228.96,17320.09,17228.96,17274.78,1124907
2023-03-07,17255.90,17786.21,17255.90,17564.24,1878731
2023-03-08,17612.40,17815.11,17612.40,17722.04,995014
2023-03-09,17725.16,18128.97,17725.16,17978.68,1717228
2023-03-10,18033.99,18539.90,18033.99,18434.53,999283
2023-03-13,18483.54,18483.54,18004.66,18150.30,1317785
2023-03-14,18109.36,18499.12,18049.43,18274.27,724005
2023-03-15,18238.35,18877.17,18182.99,18530.08,1736231
2023-03-16,18472.71,18844.40,18472.71,18781.04,1644510
2023-03-17,18838.05,18838.05,18399.56,18502.10,803901
2023-03-20,18431.21,18467.20,18117.94,18292.57,1770485
2023-03-21,18227.40,18684.54,18227.40,18631.91,1908444
2023-03-22,18700.25,18844.13,18469.22,18656.68,1260962
2023-03-23,18617.33,19058.58,18617.33,18928.01,1427785
2023-03-24,19000.38,19000.38,18367.16,18575.69,1035892
2023-03-27,18545.58,18753.55,18101.81,18427.68,836020
2023-03-28,18467.01,18795.59,18467.01,18689.92,1352049
2023-03-29,18731.70,18854.23,18623.39,18738.81,1531152
2023-03-30,18771.40,18771.40,18503.12,18530.54,710544
2023-03-31,18508.58,18889.53,18479.51,18684.52,1762728
2023-04-03,18713.70,18842.17,18472.24,18657.20,609259
2023-04-04,18678.26,18678.26,18506.66,18579.58,506450
2023-04-05,18517.48,18517.48,18226.71,18346.44,830977
2023-04-06,18368.34,18584.91,18124.17,18354.54,772824
2023-04-07,18328.02,18726.69,18328.02,18543.03,1503205
2023-04-10,18556.83,18685.73,18556.83,18629.23,1186985
2023-04-11,18581.82,18773.61,18581.82,18679.67,1291297
2023-04-12,18746.64,19207.91,18746.64,19100.79,1671322
2023-04-13,19173.24,19173.24,18756.93,18925.23,915794
2023-04-14,18943.10,19194.10,18609.35,18901.72,1759114
2023-04-17,18969.35,18969.35,18838.65,18903.32,746101
2023-04-18,18968.09,19188.11,18968.09,19171.64,1912662
2023-04-19,19240.06,19240.06,19020.39,19024.35,1058267
2023-04-20,19078.58,19143.23,18801.55,18972.39,1758464
2023-04-21,18925.24,19341.56,18790.47,19066.01,878263
2023-04-24,19029.68,19029.68,18925.68,18971.66,1795369
2023-04-25,18994.00,18994.00,18790.07,18824.30,679807
2023-04-26,18853.37,18950.87,18853.37,18945.66,1940433
2023-04-27,18960.39,19147.06,18858.68,19002.87,653208
2023-04-28,18962.56,19102.04,18962.56,19072.35,1243024
2023-05-01,19087.34,19599.32,19087.34,19591.77,595445
2023-05-02,19666.62,19868.97,19666.62,19862.68,1907738
2023-05-03,19875.47,19875.47,19169.53,19463.50,1045871
2023-05-04,19458.54,19754.06,19436.56,19595.31,688005
2023-05-05,19535.25,19664.40,19317.49,19490.95,592614
2023-05-08,19456.80,19781.05,19456.80,19756.24,1256216
2023-05-09,19774.08,19985.17,19774.08,19927.50,1053140
2023-05-10,19965.26,19965.26,19677.24,19695.04,1530277
2023-05-11,19719.84,19803.12,19624.55,19713.83,1422725
2023-05-12,19640.63,19870.76,19640.63,19841.43,1045729
2023-05-15,19904.16,20132.11,19827.45,19979.78,1537903
2023-05-16,19977.41,20231.64,19977.41,20193.49,1533871
2023-05-17,20169.19,20647.61,20169.19,20479.23,927260
2023-05-18,20480.67,20662.47,20480.67,20586.47,1072085
2023-05-19,20668.49,20668.49,20185.24,20277.13,508652
2023-05-22,20208.48,20208.48,19956.54,19990.12,1544614
2023-05-23,20019.12,20082.30,19493.86,19788.08,1927404
2023-05-24,19725.72,20058.49,19725.72,19952.25,1178509
2023-05-25,19977.72,20066.79,19959.31,20013.05,1452223
2023-05-26,19985.74,19986.90,19806.28,19896.59,591953
2023-05-29,19933.44,19933.44,19279.12,19596.53,1693611
2023-05-30,19562.51,20138.01,19562.51,19909.13,616465
2023-05-31,19844.23,20104.69,19707.24,19905.96,1035117
2023-06-01,19840.54,20542.27,19796.43,20169.35,936674
2023-06-02,20210.11,20624.49,20143.92,20384.20,1871672
2023-06-05,20422.67,20615.50,20389.65,20502.57,1150329
2023-06-06,20436.33,20898.35,20436.33,20770.83,1270612
2023-06-07,20766.92,20766.92,20491.78,20506.77,1680816
2023-06-08,20485.16,20485.16,20391.65,20433.23,890816
2023-06-09,20407.36,20407.36,20149.81,20217.83,1472082
2023-06-12,20287.49,20287.49,19872.19,20078.21,1605783
2023-06-13,20068.15,20068.15,19755.51,19895.54,1501623
2023-06-14,19863.77,20129.10,19273.20,19701.15,1021464
2023-06-15,19634.40,19634.40,19505.21,19523.96,594570
2023-06-16,19518.44,19518.44,19252.58,19267.98,1692185
2023-06-19,19309.39,19487.28,19221.46,19354.37,534117
2023-06-20,19305.16,19756.13,19305.16,19605.80,1324091
2023-06-21,19576.62,19880.81,19576.62,19834.98,1454200
2023-06-22,19809.80,20026.33,19682.09,19854.21,892569
2023-06-23,19815.98,19945.89,19815.98,19884.09,1912240
2023-06-26,19908.87,19908.87,19273.07,19390.96,1465031
2023-06-27,19406.76,19527.64,18952.78,19240.21,1520731
2023-06-28,19269.56,19380.48,18854.93,19117.70,1947650
2023-06-29,19061.90,19189.90,18705.42,18947.66,900140
2023-06-30,19002.08,19002.08,18967.07,18984.51,938786
2023-07-03,19036.47,19036.47,18862.40,18872.33,1629489
2023-07-04,18868.40,19064.08,18826.94,18945.51,545753
2023-07-05,18937.21,19518.62,18937.21,19297.84,1517216
2023-07-06,19251.73,19251.73,18825.76,18878.68,1694182
2023-07-07,18818.67,19120.30,18818.67,18988.36,1995464
2023-07-10,19000.31,19000.31,18728.62,18792.89,1662460
2023-07-11,18794.89,18859.12,18794.89,18858.87,1782398
2023-07-12,18818.42,19424.00,18818.42,19292.56,627306
2023-07-13,19225.20,19225.20,19046.73,19074.78,1859584
2023-07-14,19141.76,19141.76,18785.50,18869.87,1227217
2023-07-17,18904.02,18904.02,18609.67,18660.25,1484068
2023-07-18,18721.32,18721.32,18493.05,18582.15,1211255
2023-07-19,18577.46,19092.73,18577.46,18953.52,1115291
2023-07-20,19020.42,19072.24,18777.64,18924.94,1868392
2023-07-21,18977.10,19161.60,18629.30,18895.45,1804097
2023-07-24,18892.86,19212.75,18767.52,18990.14,863417
2023-07-25,18977.37,19285.76,18892.96,19089.36,1535416
2023-07-26,19015.77,19145.67,18950.04,19047.86,1046954
2023-07-27,19107.96,19107.96,18907.09,18976.34,567045
2023-07-28,18934.84,19180.76,18923.50,19052.13,1678560
2023-07-31,19030.06,19202.16,18971.28,19086.72,597887
2023-08-01,19140.68,19321.29,18936.86,19129.07,1580845
2023-08-02,19197.37,19197.37,19012.78,19056.01,1458682
2023-08-03,19098.95,19476.60,19098.95,19416.43,1778540
2023-08-04,19345.28,19899.91,19162.78,19531.35,721063
2023-08-07,19509.73,19661.98,19509.73,19594.38,1112626
2023-08-08,19652.45,19757.62,19251.05,19504.33,823581
2023-08-09,19558.73,19558.73,19280.92,19391.81,1420877
2023-08-10,19367.19,20672.36,19367.19,20619.22,1559109
2023-08-11,20605.20,20828.51,20600.90,20714.70,1820032
2023-08-14,20701.73,20735.27,20573.44,20654.35,978532
2023-08-15,20720.13,20956.30,20689.58,20822.94,1582456
2023-08-16,20763.90,21044.13,20742.07,20893.10,520863
2023-08-17,20866.07,21039.20,20648.05,20843.62,1342322
2023-08-18,20886.84,21003.90,20886.84,20992.60,1884489
2023-08-21,21072.83,21166.15,21072.83,21121.29,1996044
2023-08-22,21107.65,21606.81,20949.42,21278.11,1927889
2023-08-23,21246.40,21462.26,20812.24,21137.25,1221750
2023-08-24,21208.35,21346.39,21208.35,21339.58,1968625
2023-08-25,21360.81,21360.81,20925.42,21061.78,1796433
2023-08-28,21109.22,21109.22,20647.90,20856.91,1348309
2023-08-29,20863.16,21281.33,20604.12,20942.73,1317875
2023-08-30,21025.15,21159.16,20621.44,20890.30,1095439
2023-08-31,20863.68,21156.72,20768.59,20962.66,1833129
2023-09-01,20978.17,21034.74,20967.78,21001.26,1006126
2023-09-04,21002.15,21233.74,20985.71,21109.73,625715
2023-09-05,21046.20,21328.73,21046.20,21219.14,1865167
2023-09-06,21135.14,21539.52,21135.14,21472.51,1210893
2023-09-07,21483.78,21952.68,21483.78,21919.02,1816475
2023-09-08,21883.81,21971.36,21398.61,21684.98,1898637
2023-09-11,21722.17,22045.37,21510.74,21778.05,1589819
2023-09-12,21724.49,21858.83,21696.31,21777.57,1257632
2023-09-13,21762.25,21762.25,21625.49,21652.88,693459
2023-09-14,21643.56,22277.18,21643.56,22136.99,1274466
2023-09-15,22186.37,22191.80,21873.56,22032.68,1053005
2023-09-18,22066.00,22066.00,21610.73,21734.73,1526642
2023-09-19,21735.73,21891.85,21536.17,21714.01,1516624
2023-09-20,21777.12,21779.25,21603.36,21691.30,747585
2023-09-21,21631.75,21784.90,21429.52,21607.21,1672363
2023-09-22,21591.41,21591.41,20901.21,21204.57,753475
2023-09-25,21139.73,21178.35,20976.16,21077.26,1139473
2023-09-26,21126.36,21296.57,21126.36,21288.47,798088
2023-09-27,21255.29,21523.55,21176.77,21350.16,1094505
2023-09-28,21285.65,21762.28,21147.11,21454.69,1231169
2023-09-29,21422.03,21551.52,21422.03,21530.24,1448697
2023-10-02,21568.13,22061.21,21568.13,21883.62,1770265
2023-10-03,21929.44,22053.91,21912.71,21983.31,1899263
2023-10-04,22036.04,22036.04,21409.55,21517.33,1893562
2023-10-05,21489.61,21489.61,21236.05,21353.61,596090
2023-10-06,21378.54,21948.21,21378.54,21853.31,847319
2023-10-09,21889.57,21993.32,21559.14,21776.23,1676595
2023-10-10,21855.52,21855.52,21373.13,21567.67,1636308
2023-10-11,21514.08,21530.96,21478.71,21504.83,1497899
2023-10-12,21510.32,21510.32,21465.49,21466.04,539790
2023-10-13,21524.24,21562.90,21334.60,21448.75,1715410
2023-10-16,21431.90,21431.90,20938.99,21042.98,594337
2023-10-17,20989.19,20989.19,20475.73,20496.04,550451
2023-10-18,20432.85,20743.75,20432.85,20633.28,708317
2023-10-19,20677.56,20677.56,20421.72,20456.25,823438
2023-10-20,20474.99,20536.53,20226.47,20381.50,1182184
2023-10-23,20316.08,20776.29,20307.90,20542.10,798761
2023-10-24,20595.96,20595.96,20299.65,20374.21,753684
2023-10-25,20331.26,20582.94,20331.26,20544.29,1566656
2023-10-26,20472.07,20716.76,20395.02,20555.89,1474805
2023-10-27,20577.85,20577.85,20463.41,20483.01,539054
2023-10-30,20441.44,20833.35,20005.41,20419.38,1663305
2023-10-31,20410.55,20426.13,20289.73,20357.93,1833367
2023-11-01,20364.52,20364.52,19961.81,19962.56,852716
2023-11-02,20028.28,20220.10,19833.24,20026.67,1447371
2023-11-03,20046.01,20513.02,20046.01,20435.96,1869563
2023-11-06,20433.05,20452.53,20433.05,20451.59,1753819
2023-11-07,20507.62,20702.87,20212.63,20457.75,946177
2023-11-08,20496.90,20496.90,20129.58,20227.41,1680867
2023-11-09,20280.89,20355.19,20280.89,20325.44,1667021
2023-11-10,20326.22,20809.00,20326.22,20806.49,1167531
2023-11-13,20886.32,21509.88,20886.32,21238.98,1984267
2023-11-14,21212.07,21212.07,21037.60,21074.39,1464269
2023-11-15,21012.64,21327.38,21012.64,21288.96,504293
2023-11-16,21333.66,21333.66,21259.00,21268.88,1628543
2023-11-17,21275.45,21880.07,21275.45,21708.01,1908474
2023-11-20,21686.54,21686.54,21567.99,21597.70,1761040
2023-11-21,21631.75,21631.75,21427.27,21510.30,517681
2023-11-22,21425.87,21801.92,21425.87,21685.00,541485
2023-11-23,21631.49,21973.26,21453.25,21713.25,1786482
2023-11-24,21796.65,21796.65,21187.12,21405.85,1261264
2023-11-27,21424.01,21735.62,21424.01,21689.66,514964
2023-11-28,21753.84,22153.36,21546.41,21849.89,1693493
2023-11-29,21891.63,21891.63,21706.87,21707.08,1909654
2023-11-30,21642.53,21786.21,21383.33,21584.77,636418
2023-12-01,21650.56,22281.92,21650.56,21990.15,1075307
2023-12-04,22024.10,22380.00,21885.98,22132.99,1617659
2023-12-05,22044.80,22044.80,21683.79,21856.47,1395723
2023-12-06,21933.19,21933.19,21173.49,21489.72,1407119
2023-12-07,21492.86,21782.97,21491.79,21637.38,1539295
2023-12-08,21589.70,21598.08,21160.31,21379.20,1082867
2023-12-11,21360.70,21752.08,21360.70,21648.14,1201928
2023-12-12,21689.26,22046.63,21689.26,21935.13,1946088
2023-12-13,21876.25,21888.43,21825.57,21857.00,1151807
2023-12-14,21845.10,22281.12,21845.10,22186.21,550380
2023-12-15,22141.91,22141.91,21766.10,21900.04,726158
2023-12-18,21956.39,21956.39,21219.65,21290.18,1589837
2023-12-19,21310.54,21849.76,21064.25,21457.00,700636
2023-12-20,21381.59,21396.87,21082.61,21239.74,569926
2023-12-21,21287.77,21287.77,20642.36,20884.95,630028
2023-12-22,20906.04,21204.77,20906.04,21116.68,637972
2023-12-25,21175.80,21224.18,21156.12,21190.15,1342390
2023-12-26,21207.03,21690.84,21207.03,21529.22,1883541
2023-12-27,21516.83,21516.83,21215.99,21346.85,1800676
2023-12-28,21395.17,21395.17,21089.49,21193.86,1452267
2023-12-29,21111.16,21111.16,20860.36,20884.18,1995897
2024-01-01,20896.42,21396.11,20896.42,21273.39,1836648
2024-01-02,21293.95,21293.95,21047.38,21056.13,889909
2024-01-03,21024.40,21381.39,20784.25,21082.82,1414039
2024-01-04,21096.93,21096.93,20725.47,20745.17,1634860
2024-01-05,20719.09,20866.52,20682.66,20774.59,1273492
2024-01-08,20715.52,21099.84,20715.52,21062.35,997837
2024-01-09,21049.22,21049.22,20603.79,20617.66,909798
2024-01-10,20546.47,20991.63,20546.47,20956.64,897107
2024-01-11,20973.36,21005.34,20563.24,20784.29,1194462
2024-01-12,20750.98,21147.08,20750.98,20974.64,1189164
2024-01-15,20897.82,21277.22,20897.82,21120.04,960127
2024-01-16,21114.39,21544.84,21114.39,21427.85,946983
2024-01-17,21398.97,21740.46,21186.81,21463.64,1288344
2024-01-18,21440.08,21619.91,21410.47,21515.19,654625
2024-01-19,21504.93,21504.93,21161.39,21329.12,1824004
2024-01-22,21248.87,21248.87,20838.48,20983.93,914869
2024-01-23,20929.26,21070.96,20842.43,20956.70,1662881
2024-01-24,20916.76,21078.89,20859.09,20968.99,712211
2024-01-25,21017.21,21365.38,21017.21,21331.88,732718
2024-01-26,21309.64,21351.21,21154.25,21252.73,1280875
2024-01-29,21337.35,21337.35,20621.07,20956.58,1409572
2024-01-30,21027.69,21070.45,20985.52,21027.98,897706
2024-01-31,21044.73,21272.16,20967.04,21119.60,1834088
2024-02-01,21067.07,21182.06,21067.07,21130.50,1622958
2024-02-02,21152.39,21193.00,21010.29,21101.65,1087356
2024-02-05,21166.78,21674.08,21166.78,21435.97,938802
2024-02-06,21455.67,21678.34,21089.50,21383.92,851133
2024-02-07,21385.49,21385.49,20973.46,20988.49,1545614
2024-02-08,20992.77,20992.77,20836.10,20848.40,1513547
2024-02-09,20831.88,20985.94,20609.09,20797.52,1724700
2024-02-12,20789.54,20801.62,20620.58,20711.10,991540
2024-02-13,20722.92,20722.92,20475.15,20560.02,1284559
2024-02-14,20526.31,20634.06,20496.71,20565.39,1588045
2024-02-15,20585.31,20585.31,20217.41,20389.56,1393601
2024-02-16,20389.16,20389.16,20111.59,20163.05,1072563
2024-02-19,20186.50,20186.50,19997.25,20064.74,1253072
2024-02-20,20072.23,20305.30,20072.23,20227.48,663911
2024-02-21,20158.12,20712.55,19992.79,20352.67,580281
2024-02-22,20311.97,20311.97,20120.27,20161.40,1933485
2024-02-23,20102.99,20339.63,20102.99,20253.32,1639017
2024-02-26,20305.54,20305.54,20275.96,20286.98,1346853
2024-02-27,20207.77,20799.70,20207.77,20697.80,1871728
2024-02-28,20680.83,20680.83,20288.44,20310.10,975898
2024-02-29,20324.23,20400.80,20182.79,20291.80,1658918
2024-03-01,20339.18,20575.41,20059.56,20317.48,1156565
2024-03-04,20304.10,20605.28,20304.10,20463.60,1419980
2024-03-05,20476.29,20476.29,20126.22,20189.57,769160
2024-03-06,20215.23,20314.35,19824.51,20069.43,1243781
2024-03-07,20053.92,20089.98,19811.05,19950.52,1948122
2024-03-08,19996.06,19996.06,19730.42,19763.04,791786
2024-03-11,19783.57,20409.56,19761.90,20085.73,1764588
2024-03-12,20066.66,20457.36,20066.66,20348.56,1319223
2024-03-13,20320.69,20629.53,20320.69,20566.66,1446938
2024-03-14,20595.43,20595.43,20341.10,20447.15,872529
2024-03-15,20395.90,20852.95,20395.90,20802.46,645733
2024-03-18,20767.69,21095.49,20767.69,21008.43,1599737
2024-03-19,20953.28,21115.43,20953.28,21090.92,1361638
2024-03-20,21077.15,21077.15,20227.93,20539.30,644206
2024-03-21,20600.17,20600.17,19939.04,20161.35,1149607
2024-03-22,20178.08,20178.08,19739.60,19841.95,1150775
2024-03-25,19806.30,19806.30,19526.99,19623.14,515609
2024-03-26,19639.60,19881.87,19639.60,19872.27,1017661
2024-03-27,19865.95,19865.95,19337.17,19391.84,1708237
2024-03-28,19456.83,19509.20,19456.83,19492.76,1227254
2024-03-29,19510.39,19624.47,19162.41,19393.44,867266
2024-04-01,19382.90,19382.90,19233.03,19282.02,1306700
2024-04-02,19265.60,19459.70,19265.60,19407.59,591571
2024-04-03,19427.47,19755.50,19132.66,19444.08,1112136
2024-04-04,19506.65,19506.65,19361.23,19410.82,1534918
2024-04-05,19390.43,19390.43,18966.23,19102.11,720671
2024-04-08,19050.89,19050.89,18726.05,18733.19,934890
2024-04-09,18762.34,18762.34,18497.99,18504.22,1468682
2024-04-10,18488.93,18488.93,18093.70,18256.64,522517
2024-04-11,18281.52,18490.44,18034.86,18262.65,1473593
2024-04-12,18225.00,18225.00,18187.21,18192.40,1417973
2024-04-15,18144.46,18652.12,18144.46,18442.82,537887
2024-04-16,18478.44,18478.44,18291.28,18347.93,853272
2024-04-17,18297.07,18785.26,18297.07,18667.39,1250962
2024-04-18,18672.21,19034.07,18608.71,18821.39,1427063
2024-04-19,18842.62,18962.21,18428.73,18695.47,1884205
2024-04-22,18628.53,18961.10,18628.53,18871.22,509784
2024-04-23,18833.44,19121.73,18833.44,19077.36,1000255
2024-04-24,19003.27,19122.87,19003.27,19096.95,902971
2024-04-25,19035.32,19120.68,19021.73,19071.20,1892737
2024-04-26,19011.35,19223.19,19011.35,19143.28,1186065
2024-04-29,19209.79,19209.79,18826.29,19016.49,1328509
2024-04-30,18994.67,19154.34,18994.67,19125.50,864110
2024-05-01,19059.10,19059.10,18358.42,18378.41,1083967
2024-05-02,18337.03,18380.64,18155.57,18268.11,1132363
2024-05-03,18299.17,18472.07,18132.27,18302.17,1693709
2024-05-06,18372.66,18885.86,18230.01,18557.94,1960279
2024-05-07,18503.44,18503.44,17987.84,18199.45,867695
2024-05-08,18250.63,18250.63,17702.21,17924.14,1511100
2024-05-09,17916.81,17977.28,17916.81,17966.21,1571699
2024-05-10,18036.40,18036.40,17799.54,17879.31,987809
2024-05-13,17841.61,18257.78,17841.61,18225.35,1398625
2024-05-14,18207.06,18446.85,18044.48,18245.66,1122046
2024-05-15,18207.43,18447.28,18177.81,18312.55,1754254
2024-05-16,18258.97,18555.58,18258.97,18544.12,1165926
2024-05-17,18614.97,18614.97,18138.10,18331.13,1859051
2024-05-20,18365.29,18696.98,18245.79,18471.38,1218753
2024-05-21,18495.77,18673.93,18308.89,18491.41,1020802
2024-05-22,18546.54,18817.70,18385.45,18601.58,1593605
2024-05-23,18669.09,19050.97,18669.09,18904.94,609276
2024-05-24,18843.20,18895.51,18772.04,18833.78,1742836
2024-05-27,18834.89,18834.89,18399.78,18478.69,1393889
2024-05-28,18440.99,18582.70,18332.69,18457.70,870012
2024-05-29,18526.76,18526.76,18248.78,18325.07,922368
2024-05-30,18394.34,18533.36,18032.10,18282.73,1335179
2024-05-31,18298.73,18298.73,18009.08,18121.83,1408969
2024-06-03,18052.22,18419.79,17887.56,18153.68,1299894
2024-06-04,18124.66,18124.66,18057.48,18083.84,1626585
2024-06-05,18078.58,18471.85,18078.58,18280.40,1451274
2024-06-06,18256.02,18414.40,18050.50,18232.45,1999177
2024-06-07,18161.39,18161.39,18106.03,18122.04,1550043
2024-06-10,18109.84,18242.85,17966.66,18104.75,1327640
2024-06-11,18125.18,18332.83,18125.18,18306.95,1733773
2024-06-12,18251.95,18837.04,18251.95,18703.41,1686167
2024-06-13,18744.00,19116.02,18682.22,18899.12,1231022
2024-06-14,18928.82,18928.82,18648.54,18658.89,1865049
2024-06-17,18655.56,18655.56,18397.52,18499.27,1257940
2024-06-18,18520.78,18520.78,18132.40,18292.29,1048050
2024-06-19,18255.33,18255.33,17696.50,17906.56,1712870
2024-06-20,17891.90,19189.94,17891.90,19103.10,1729267
2024-06-21,19160.56,19208.26,19160.56,19198.17,847757
2024-06-24,19270.00,19388.15,19183.12,19285.64,1880945
2024-06-25,19324.59,19647.58,19324.59,19513.14,686381
2024-06-26,19562.19,19873.54,19562.19,19744.01,1064178
2024-06-27,19713.70,20109.21,19386.24,19747.73,853157
2024-06-28,19778.74,19778.74,19752.60,19760.66,1600925
2024-07-01,19709.51,19709.51,19544.29,19608.35,890909
2024-07-02,19678.70,19678.70,19475.13,19574.07,1445104
2024-07-03,19613.21,19613.21,19398.18,19441.83,902411
2024-07-04,19461.56,19753.51,19089.74,19421.63,1809506
2024-07-05,19357.26,19812.43,19357.26,19671.72,761476
2024-07-08,19668.24,19786.05,19504.67,19645.36,1910973
2024-07-09,19716.90,19716.90,19633.67,19655.19,1895281
2024-07-10,19658.70,19658.70,18866.80,19089.14,515229
2024-07-11,19053.38,19053.38,18782.42,18910.49,1519061
2024-07-12,18890.94,18890.94,18703.76,18726.32,1219485
2024-07-15,18751.05,19125.96,18751.05,19124.99,1293637
2024-07-16,19171.84,19171.84,18421.18,18679.88,506469
2024-07-17,18737.86,18737.86,18310.97,18371.33,791216
2024-07-18,18437.62,18495.98,18437.62,18483.91,1021221
2024-07-19,18480.24,18480.24,18145.94,18294.21,1366389
2024-07-22,18358.89,18358.89,18282.97,18292.69,1175667
2024-07-23,18337.70,18509.38,18337.70,18494.91,1182675
2024-07-24,18530.30,18531.30,18339.36,18435.33,670643
2024-07-25,18431.81,18434.07,17878.28,18156.18,1880636
2024-07-26,18126.23,18690.40,18126.23,18441.92,909106
2024-07-29,18483.95,18634.97,18063.46,18349.21,1558299
2024-07-30,18398.00,18630.22,18398.00,18595.89,1650805
2024-07-31,18663.59,18852.44,18663.59,18838.98,1511180
2024-08-01,18877.15,18877.15,18669.38,18763.71,1883585
2024-08-02,18693.04,18806.84,18673.28,18740.06,1184721
2024-08-05,18703.73,19192.14,18703.73,19044.13,1498878
2024-08-06,19108.54,19427.38,19108.54,19358.68,1828646
2024-08-07,19416.28,19417.74,19285.57,19351.66,1707901
2024-08-08,19332.62,19597.24,19182.36,19389.80,1300379
2024-08-09,19380.02,19398.39,18958.88,19178.63,989407
2024-08-12,19115.59,19278.62,19115.59,19204.08,1741934
2024-08-13,19183.76,19642.37,19183.76,19543.85,1157189
2024-08-14,19598.12,19598.12,18888.33,18944.46,1388560
2024-08-15,18989.41,18994.49,18735.96,18865.23,1589997
2024-08-16,18791.15,18895.42,18555.00,18725.21,1465954
2024-08-19,18683.10,18823.77,18326.96,18575.36,1926023
2024-08-20,18599.94,18599.94,18253.93,18307.99,1974228
2024-08-21,18335.61,18521.00,18335.61,18493.39,1073471
2024-08-22,18542.02,18833.65,18542.02,18829.02,1538143
2024-08-23,18875.75,19066.67,18319.45,18693.06,820239
2024-08-26,18739.48,18859.43,18678.57,18769.00,1968860
2024-08-27,18822.57,19068.76,18397.78,18733.27,1321680
2024-08-28,18682.19,18880.93,18363.49,18622.21,545226
2024-08-29,18695.26,18695.26,18407.23,18446.64,1320747
2024-08-30,18475.62,18475.62,18143.20,18255.43,909137
2024-09-02,18229.64,18357.17,18010.42,18183.80,1717152
2024-09-03,18155.29,18272.82,18155.29,18236.77,1872866
2024-09-04,18206.29,18369.76,18206.29,18302.07,803715
2024-09-05,18324.21,18658.56,18147.62,18403.09,1259642
2024-09-06,18475.01,18558.02,18180.54,18369.28,809551
2024-09-09,18320.52,18320.52,17668.75,17952.95,618135
2024-09-10,17888.67,18637.56,17888.67,18413.29,1580945
2024-09-11,18431.99,18431.99,18098.75,18256.09,1347236
2024-09-12,18227.27,18339.49,18193.72,18266.61,1750228
2024-09-13,18294.63,18623.29,18294.63,18562.93,1906635
2024-09-16,18585.25,18585.25,18159.58,18371.84,1077169
2024-09-17,18370.25,18806.27,18370.25,18687.31,1902558
2024-09-18,18760.17,18879.67,18760.17,18821.67,1505580
2024-09-19,18773.65,19020.48,18532.94,18776.71,1515423
2024-09-20,18720.42,19115.87,18720.42,19115.80,1182054
2024-09-23,19067.61,19692.58,19067.61,19560.56,1969562
2024-09-24,19609.42,19873.66,19609.42,19848.81,1524591
2024-09-25,19899.44,20371.08,19899.44,20251.35,1866715
2024-09-26,20315.77,20724.08,20315.77,20532.47,878880
2024-09-27,20470.56,21372.02,20470.56,21174.49,770146
2024-09-30,21133.28,21133.28,20762.39,20871.87,573411
2024-10-01,20949.73,21029.03,20941.86,20985.45,859877
2024-10-02,21012.17,21012.17,19585.59,19761.33,1433065
2024-10-03,19826.27,20076.68,19793.75,19935.21,1238443
2024-10-04,19961.15,19961.15,19615.00,19730.83,593817
2024-10-07,19783.33,19851.21,19649.49,19750.35,781454
2024-10-08,19691.65,19698.12,19567.94,19633.03,1805084
2024-10-09,19656.55,19656.55,19301.12,19392.65,842505
2024-10-10,19381.06,19381.06,19288.57,19326.15,1956504
2024-10-11,19290.49,19507.31,19290.49,19425.77,1827748
2024-10-14,19450.22,19481.30,19291.12,19386.21,1572541
2024-10-15,19462.58,19462.58,19115.18,19212.65,1409382
2024-10-16,19177.32,19177.32,18547.88,18813.33,1614573
2024-10-17,18834.43,19149.43,18834.43,19028.05,1260887
2024-10-18,19073.43,19494.61,19073.43,19350.74,1073878
2024-10-21,19331.96,19580.89,19331.96,19571.53,720206
2024-10-22,19630.32,19680.77,19524.36,19602.57,1734859
2024-10-23,19634.00,19885.69,19558.45,19722.07,1091389
2024-10-24,19670.13,19670.13,19372.82,19439.97,1316973
2024-10-25,19484.88,19871.83,19360.47,19616.15,1656939
2024-10-28,19557.71,19557.71,19098.52,19265.24,519917
2024-10-29,19210.17,19360.41,18917.74,19139.07,1690261
2024-10-30,19211.73,19211.73,19090.27,19140.13,1983740
2024-10-31,19133.66,19430.09,18977.86,19203.97,1420565
2024-11-01,19169.53,19623.92,19169.53,19599.88,1397088
2024-11-04,19557.35,19557.35,19225.37,19256.77,1833023
2024-11-05,19227.92,19890.94,19227.92,19596.90,689038
2024-11-06,19533.19,19592.24,19499.43,19545.84,1706526
2024-11-07,19544.72,19987.56,19544.72,19895.62,522428
2024-11-08,19932.36,20173.34,19932.36,20133.81,1505911
2024-11-11,20139.03,20139.03,19791.47,19794.77,761497
2024-11-12,19833.71,19833.71,19425.00,19545.16,1997702
2024-11-13,19622.44,19622.44,19222.76,19308.80,1886582
2024-11-14,19313.14,19793.36,19313.14,19704.88,1777571
2024-11-15,19772.69,19993.37,19772.69,19947.93,1597893
2024-11-18,19889.41,20127.34,19889.41,20071.22,1240906
2024-11-19,20050.87,20356.90,20050.87,20307.20,737467
2024-11-20,20364.19,20364.19,19927.96,20133.02,747181
2024-11-21,20052.84,20252.98,19898.38,20075.68,1823672
2024-11-22,20145.24,20145.24,19892.45,19938.91,1848413
2024-11-25,20001.52,20001.52,19438.83,19470.69,1523968
2024-11-26,19439.28,19506.81,19439.28,19500.87,724739
2024-11-27,19478.17,19983.93,19478.17,19973.14,712520
2024-11-28,20036.81,20036.81,19800.77,19844.79,1361340
2024-11-29,19869.66,20167.02,19869.66,20037.95,974156
2024-12-02,20100.82,20100.82,19801.69,19829.59,1624969
2024-12-03,19883.42,19948.24,19808.03,19878.14,839391
2024-12-04,19816.22,19816.22,18865.80,19058.94,1097478
2024-12-05,19120.08,19314.46,19120.08,19276.11,836199
2024-12-06,19350.58,19350.58,18698.64,19016.35,749125
2024-12-09,19048.95,19048.95,18694.52,18784.17,1181338
2024-12-10,18818.13,19053.88,18534.45,18794.16,1315474
2024-12-11,18737.95,19446.21,18737.95,19165.01,1221673
2024-12-12,19192.35,19192.35,18801.48,18801.48,1217521
2024-12-13,18799.36,18799.36,18032.03,18114.94,1399577
2024-12-16,18078.63,18206.55,18041.06,18123.80,741214
2024-12-17,18170.29,18921.68,18170.29,18564.97,916101
2024-12-18,18599.20,18599.20,18168.21,18209.45,1781570
2024-12-19,18229.04,18904.60,18070.42,18487.51,981053
2024-12-20,18441.98,18752.16,18441.98,18649.21,806622
2024-12-23,18582.21,18582.21,18304.39,18394.68,1354164
2024-12-24,18353.74,18353.74,18047.42,18082.23,1393545
2024-12-25,18053.91,18053.91,17824.59,17846.64,1064649
2024-12-26,17810.51,17810.51,17284.78,17536.66,599732
2024-12-27,17511.64,17550.47,17511.64,17546.32,1098353
2024-12-30,17502.09,17502.09,17072.96,17124.88,1530302
2024-12-31,17058.25,17110.41,16936.36,17023.39,1657141
2025-01-01,17065.61,17114.11,16972.33,17043.22,1735036
2025-01-02,17003.68,17003.68,16843.49,16866.76,1305409
2025-01-03,16880.50,16984.12,16880.50,16950.87,586064
2025-01-06,16908.89,16908.89,16444.50,16594.83,1977779
2025-01-07,16610.63,16610.63,16500.62,16520.59,1132241
2025-01-08,16549.77,16829.57,16050.00,16439.78,591878
2025-01-09,16491.28,16679.60,16482.47,16581.04,1675130
2025-01-10,16609.86,17026.38,16609.86,16981.85,1414622
2025-01-13,16982.37,17229.99,16982.37,17171.37,545874
2025-01-14,17142.47,17350.93,17142.47,17255.88,1687354
2025-01-15,17299.30,17890.18,17299.30,17749.41,1538144
2025-01-16,17701.92,17853.01,17335.40,17594.20,1568034
2025-01-17,17562.04,17562.04,17183.03,17342.25,886015
2025-01-20,17274.11,17609.33,17274.11,17605.21,1575410
2025-01-21,17577.52,17577.52,17251.71,17311.27,962078
2025-01-22,17273.04,17377.41,17169.70,17273.56,1618968
2025-01-23,17326.57,17326.57,17245.87,17284.50,778861
2025-01-24,17249.80,17487.07,17006.89,17246.98,940344
2025-01-27,17261.49,17261.49,17242.16,17243.72,1274080
2025-01-28,17211.17,17328.88,16745.05,17036.96,780203
2025-01-29,16976.62,16976.62,16720.95,16820.93,521827
2025-01-30,16777.43,16972.05,16777.43,16887.73,532796
2025-01-31,16925.63,16925.63,16293.55,16377.53,723226
2025-02-03,16345.74,16530.47,16140.47,16335.47,1813298
2025-02-04,16298.96,16307.67,16064.74,16186.20,1063700
2025-02-05,16172.67,16440.94,16092.06,16266.50,1435447
2025-02-06,16318.83,16513.96,16099.99,16306.97,696484
2025-02-07,16264.72,16264.72,16104.84,16108.43,1694659
2025-02-10,16046.71,16046.71,15807.90,15819.99,841665
2025-02-11,15780.49,16230.15,15780.49,16074.80,800988
2025-02-12,16135.29,16246.34,16135.29,16204.14,710205
2025-02-13,16140.85,16263.47,16125.57,16194.52,709148
2025-02-14,16228.65,16228.65,16155.67,16173.90,1851576
2025-02-17,16143.84,16297.30,16143.84,16269.87,1815720
2025-02-18,16315.78,16315.78,15318.10,15445.47,678184
2025-02-19,15438.60,15645.35,15376.14,15510.75,842138
2025-02-20,15516.15,15577.04,15315.08,15446.06,1060897
2025-02-21,15396.98,15434.67,15344.76,15389.71,1122305
2025-02-24,15328.30,15842.85,15328.30,15686.82,970417
2025-02-25,15706.32,15898.65,15706.32,15878.67,973713
2025-02-26,15905.96,16217.82,15905.96,16125.98,735738
2025-02-27,16184.87,16184.87,15553.96,15573.40,1091007
2025-02-28,15626.14,15626.14,15294.82,15427.11,677847
2025-03-03,15430.87,15725.06,15430.87,15622.04,1757476
2025-03-04,15645.43,15825.35,15586.97,15706.16,1810213
2025-03-05,15758.46,15885.92,15674.65,15780.28,1887751
2025-03-06,15817.99,15817.99,15619.24,15690.92,504569
2025-03-07,15646.55,16282.88,15646.55,16014.63,809917
2025-03-10,16011.87,16011.87,15669.44,15796.62,641166
2025-03-11,15751.71,16033.45,15751.71,15946.21,1177492
2025-03-12,15923.16,16069.70,15923.16,16067.05,1388840
2025-03-13,16084.61,16084.61,15548.55,15587.52,789871
2025-03-14,15577.38,15848.19,15504.93,15676.56,1542499
2025-03-17,15642.72,15642.72,15447.32,15481.83,675359
2025-03-18,15505.79,15505.79,15265.45,15327.48,959976
2025-03-19,15310.60,15521.15,15310.60,15435.30,1493895
2025-03-20,15416.70,15896.22,15416.70,15821.77,792236
2025-03-21,15881.49,15881.49,15733.08,15800.31,1383062
2025-03-24,15754.53,16057.72,15587.11,15822.42,1959157
2025-03-25,15881.26,15895.74,15662.00,15778.87,1279478
2025-03-26,15775.95,15884.86,15775.95,15864.99,1745552
2025-03-27,15811.56,15924.59,15811.56,15901.87,661617
2025-03-28,15935.64,16266.23,15935.64,16247.18,1485168
2025-03-31,16221.12,16455.14,16027.36,16241.25,1363025
2025-04-01,16178.00,16350.82,16076.10,16213.46,733343
2025-04-02,16246.03,16654.89,16207.94,16431.42,1555487
2025-04-03,16490.34,16649.43,16426.39,16537.91,1452728
2025-04-04,16538.15,16538.15,16131.18,16211.96,1987620
2025-04-07,16159.04,16574.97,15982.73,16278.85,1291801
2025-04-08,16294.35,16389.13,16294.35,16379.84,959080
2025-04-09,16393.61,16393.61,15968.12,16117.09,661919
2025-04-10,16135.39,16339.08,16074.77,16206.93,1297903
2025-04-11,16167.35,16584.10,16167.35,16382.38,727333
2025-04-14,16360.82,16604.57,16360.82,16528.62,1002330
2025-04-15,16541.46,16648.25,16328.01,16488.13,1148271
2025-04-16,16453.88,16624.00,16453.88,16542.52,678340
2025-04-17,16580.93,16813.56,16580.93,16788.44,595799
2025-04-18,16852.99,16893.13,16852.99,16875.51,1092240
2025-04-21,16860.75,17141.02,16860.75,17100.04,1246244
2025-04-22,17087.36,17439.94,17087.36,17404.75,1556080
2025-04-23,17416.89,17851.35,17416.89,17700.15,1301346
2025-04-24,17652.18,17652.18,17266.95,17306.90,1931041
2025-04-25,17337.15,17337.15,16852.19,16916.37,952244
2025-04-28,16870.50,17206.06,16837.66,17021.86,1551973
2025-04-29,17080.44,17080.44,16696.56,16718.48,1215999
2025-04-30,16734.99,16734.99,16607.31,16630.00,1403665
2025-05-01,16595.29,16977.86,16595.29,16925.08,1780074
2025-05-02,16992.02,16992.02,16347.61,16553.46,704275
2025-05-05,16559.71,16663.93,16526.34,16595.14,682803
2025-05-06,16568.00,16568.00,16393.48,16394.46,642945
2025-05-07,16352.38,16488.99,16246.49,16367.74,1466244
2025-05-08,16417.06,16510.63,16216.87,16363.75,1863761
2025-05-09,16362.21,16905.83,16362.21,16761.15,1262256
2025-05-12,16817.08,16994.61,16784.40,16889.51,770499
2025-05-13,16864.33,16864.33,16624.67,16682.33,675092
2025-05-14,16732.45,16738.58,16453.68,16596.13,1931422
2025-05-15,16634.71,17201.41,16634.71,17102.38,1967472
2025-05-16,17073.74,17135.24,17073.74,17119.77,831781
2025-05-19,17171.01,17171.01,16670.81,16782.24,1903310
2025-05-20,16835.96,17049.88,16835.96,16966.28,1474867
2025-05-21,17028.65,17120.98,17012.82,17066.90,1332453
2025-05-22,17041.96,17178.30,16998.54,17088.42,1767454
2025-05-23,17058.12,17058.12,16776.84,16794.69,580283
2025-05-26,16756.19,16756.19,16267.58,16355.96,1691615
2025-05-27,16413.07,16643.97,16413.07,16609.02,1258105
2025-05-28,16570.69,17101.16,16386.94,16744.05,548114
2025-05-29,16762.23,17086.21,16762.23,17026.10,675303
2025-05-30,17077.01,17214.58,17045.43,17130.01,1446698
2025-06-02,17097.04,17421.56,17097.04,17300.39,612705
2025-06-03,17335.43,17826.10,17335.43,17660.45,845051
2025-06-04,17665.47,18139.09,17499.07,17819.08,836989
2025-06-05,17829.10,18070.52,17829.10,18037.61,520827
2025-06-06,18069.75,18069.75,17532.24,17642.98,1713180
2025-06-09,17704.94,17704.94,17436.17,17518.37,1163780
2025-06-10,17518.30,17973.73,17518.30,17946.72,1163555
2025-06-11,17949.70,18613.80,17949.70,18361.14,507710
2025-06-12,18380.87,18892.39,18380.87,18865.90,1839904
2025-06-13,18938.20,18981.48,18938.20,18968.48,1381173
2025-06-16,18925.41,19097.21,18609.71,18853.46,939905
2025-06-17,18780.22,19527.79,18780.22,19406.52,1262932
2025-06-18,19463.62,19914.78,19463.62,19880.63,1966574
2025-06-19,19857.05,19857.05,19044.58,19047.66,1637635
2025-06-20,19112.62,19112.62,18355.09,18533.70,1462222
2025-06-23,18540.04,18540.04,18383.29,18422.98,1300196
2025-06-24,18442.74,18572.15,18154.51,18363.33,1972394
2025-06-25,18436.11,18436.11,17802.23,18025.79,717709
2025-06-26,17968.64,18078.33,17968.64,18064.40,1808257
2025-06-27,18076.14,18184.96,18076.14,18155.80,568441
2025-06-30,18196.02,18206.35,17722.03,17964.19,1656763
2025-07-01,17910.22,17936.34,17809.14,17872.74,1472967
2025-07-02,17907.22,17907.22,17424.73,17559.08,515949
2025-07-03,17526.43,17980.76,17526.43,17888.95,1881355
2025-07-04,17876.74,18130.39,17591.22,17860.81,1006576
2025-07-07,17793.11,18319.53,17793.11,18311.22,1285185
2025-07-08,18284.48,18603.26,18284.48,18454.11,857377
2025-07-09,18524.01,19218.37,18524.01,19097.47,904038
2025-07-10,19163.46,19163.46,18843.50,18943.80,1399893
2025-07-11,18894.35,19318.65,18894.35,19162.02,1167156
2025-07-14,19208.19,19208.19,18920.49,18937.96,1557503
2025-07-15,18977.68,19287.76,18977.68,19152.75,1045742
2025-07-16,19090.43,19303.67,19090.43,19227.03,553771
2025-07-17,19154.40,19154.40,18869.97,18951.12,1983894
2025-07-18,18879.15,18879.15,18298.32,18404.39,773779
2025-07-21,18358.24,18728.07,18358.24,18706.15,1868439
2025-07-22,18668.03,18931.40,18668.03,18856.23,1292947
2025-07-23,18921.84,19122.17,18685.43,18903.80,1815832
2025-07-24,18844.96,19589.96,18844.96,19524.99,1749681
2025-07-25,19475.10,19680.59,19475.10,19620.57,662280
2025-07-28,19603.43,19603.43,19412.52,19417.79,1529779
2025-07-29,19437.32,19642.98,19336.19,19489.59,941022
2025-07-30,19553.25,19553.25,19277.05,19415.09,837858
2025-07-31,19425.54,19456.13,19416.29,19436.21,1772247
2025-08-01,19412.39,19572.42,19412.39,19511.27,1787661
2025-08-04,19472.95,19510.18,19472.95,19501.06,755000
2025-08-05,19502.89,19563.38,19492.29,19527.83,819492
2025-08-06,19454.33,19724.69,19435.14,19579.92,790591
2025-08-07,19543.51,19902.45,19408.19,19655.32,1509935
2025-08-08,19679.21,19759.02,19628.62,19693.82,1479461
2025-08-11,19678.05,19876.59,19510.90,19693.74,904864
2025-08-12,19728.00,19805.32,19597.63,19701.47,1323815
2025-08-13,19648.78,20195.82,19648.78,20025.84,931660
2025-08-14,20013.62,20338.81,20013.62,20285.46,1069741
2025-08-15,20273.99,20630.01,20215.47,20422.74,1689383
2025-08-18,20414.47,20414.47,19860.34,20132.79,570799
2025-08-19,20149.52,20341.20,20149.52,20309.16,1852868
2025-08-20,20246.55,20648.38,20246.55,20586.74,1176711
2025-08-21,20539.84,20539.84,20414.98,20459.69,1279428
2025-08-22,20430.00,20430.00,19987.29,20188.04,522861
2025-08-25,20159.22,20271.77,20054.59,20163.18,987899
2025-08-26,20167.58,20167.58,19903.17,19962.23,715839
2025-08-27,20011.33,20011.33,19544.45,19636.91,1907912
2025-08-28,19677.16,20216.50,19677.16,20064.09,1166439
2025-08-29,20063.11,20228.57,20032.82,20130.69,598129
2025-09-01,20077.73,20387.30,20077.73,20376.95,1185506
2025-09-02,20298.35,20306.39,20178.46,20242.42,1707453
2025-09-03,20297.75,20782.07,20297.75,20754.63,1344755
2025-09-04,20727.63,21093.18,20727.63,21045.65,534125
2025-09-05,21083.24,21182.42,21083.24,21150.70,1076032
2025-09-08,21197.16,21209.10,20928.02,21068.56,1535612
2025-09-09,21060.91,21060.91,20787.59,20895.13,1844478
2025-09-10,20914.85,21038.81,20914.85,21021.42,561421
2025-09-11,21104.42,21410.94,20793.36,21102.15,1941999
2025-09-12,21139.98,21201.23,20964.60,21082.92,1273596
2025-09-15,21042.38,21042.38,20507.41,20694.04,590337
2025-09-16,20665.79,21399.77,20665.79,21138.85,1785031
2025-09-17,21210.69,21366.67,21048.92,21207.79,1723590
2025-09-18,21250.72,21250.72,21073.77,21095.04,1366740
2025-09-19,21051.25,21058.17,20685.11,20871.64,1502285
2025-09-22,20910.19,20915.81,20158.74,20537.27,973600
2025-09-23,20513.12,21032.28,20513.12,20878.21,1008299
2025-09-24,20807.73,20904.09,20453.15,20678.62,1537263
2025-09-25,20731.31,20732.13,20712.36,20722.24,894091
2025-09-26,20765.61,20765.61,20505.22,20516.74,1577783
2025-09-29,20509.19,20989.13,20509.19,20772.64,822959
2025-09-30,20841.89,20908.95,20781.18,20845.06,1308610
2025-10-01,20891.76,21376.18,20891.76,21323.05,894167
2025-10-02,21400.06,21636.92,21400.06,21561.89,1710564
2025-10-03,21604.15,21604.15,21410.87,21488.19,1004496
2025-10-06,21484.10,21786.05,21484.10,21766.07,1613347
2025-10-07,21693.65,21693.65,21549.84,21589.32,1404865
2025-10-08,21560.60,21823.99,21488.03,21656.01,1425558
2025-10-09,21696.20,21726.02,21571.66,21648.84,1386232
2025-10-10,21610.04,21817.17,21607.49,21712.33,1773911
2025-10-13,21737.75,21737.75,21451.38,21458.66,732957
2025-10-14,21418.52,21537.78,21418.52,21482.46,638091
2025-10-15,21516.74,21516.74,21272.19,21299.41,1348422
2025-10-16,21364.08,21364.08,21172.10,21221.00,1062596
2025-10-17,21244.25,21244.25,21079.01,21082.11,1980281
2025-10-20,21082.66,21082.66,20617.98,20770.59,1968994
2025-10-21,20801.81,20801.81,20315.77,20500.94,857003
2025-10-22,20566.52,20566.52,20417.41,20473.99,797446
2025-10-23,20395.50,20873.81,20395.50,20816.30,1053296
2025-10-24,20734.66,20999.62,20734.66,20930.62,1238498
2025-10-27,20888.35,21289.60,20888.35,21247.17,729399
2025-10-28,21211.58,21307.79,21211.58,21298.92,978753
2025-10-29,21229.73,21229.73,21147.00,21163.07,1138797
2025-10-30,21137.81,21387.40,21099.72,21243.56,1644447
2025-10-31,21160.89,21433.60,21044.74,21239.17,1239511
2025-11-03,21267.03,21322.80,21035.32,21179.06,1749364
2025-11-04,21202.75,21202.75,20984.91,20997.89,810169
2025-11-05,20937.69,21515.89,20937.69,21470.97,1544029
2025-11-06,21459.07,21836.92,21459.07,21793.10,932658
2025-11-07,21817.29,21909.50,21682.51,21796.01,1074460
2025-11-10,21787.16,22255.72,21787.16,22071.56,1605003
2025-11-11,22041.75,22676.76,21983.22,22329.99,1735532
2025-11-12,22248.01,22248.01,21363.95,21636.49,1590682
2025-11-13,21687.61,21815.37,21197.58,21506.47,1688377
2025-11-14,21587.25,22000.13,21587.25,21938.76,1546325
2025-11-17,21942.83,22117.03,21942.83,22073.39,1107716
2025-11-18,22036.00,22036.00,21639.12,21818.68,1118086
2025-11-19,21834.93,21903.46,21834.93,21898.54,611554
2025-11-20,21957.07,21957.07,21880.93,21882.21,604652
2025-11-21,21945.06,22050.14,21727.50,21888.82,1895289
2025-11-24,21926.15,22263.37,21926.15,22205.12,799146
2025-11-25,22130.64,22383.56,22130.64,22380.54,958978
2025-11-26,22412.50,23052.36,22412.50,22967.37,1310005
2025-11-27,22923.51,22923.51,22158.63,22375.45,1133387
2025-11-28,22442.74,22442.74,22193.59,22256.00,1712504
2025-12-01,22241.10,22775.91,22241.10,22541.38,918430
2025-12-02,22564.52,22587.98,22444.48,22516.23,1644689
2025-12-03,22443.46,22994.01,22418.84,22706.43,1604300
2025-12-04,22745.05,22745.05,22451.65,22506.93,1482261
2025-12-05,22499.96,22499.96,22183.96,22341.66,1672117
2025-12-08,22277.42,22827.82,22277.42,22776.84,1134157
2025-12-09,22798.87,23096.36,22630.69,22863.52,1686095
2025-12-10,22795.10,22976.41,22795.10,22934.47,1905258
2025-12-11,22927.17,23427.92,22927.17,23415.30,613972
2025-12-12,23341.69,23681.62,23341.69,23606.20,1746420
2025-12-15,23574.34,23887.02,23574.34,23797.11,627642
2025-12-16,23838.41,24240.05,23838.41,24065.06,1971304
2025-12-17,24064.15,24219.60,24014.45,24117.03,968804
2025-12-18,24141.77,24605.18,24141.77,24435.41,513528
2025-12-19,24350.79,24833.97,24321.48,24577.73,820910
2025-12-22,24519.58,24534.86,24415.08,24474.97,1493509
2025-12-23,24558.39,24846.31,24558.39,24810.23,1128985
2025-12-24,24878.06,24878.06,23850.30,24158.57,1646553
2025-12-25,24189.13,24407.24,23880.40,24143.82,758361
2025-12-26,24205.35,24205.35,23687.96,23798.73,1878804
2025-12-29,23741.68,24053.07,23601.07,23827.07,1507611
2025-12-30,23825.73,24007.53,23465.92,23736.72,1900267
2025-12-31,23729.88,23887.72,23520.82,23704.27,1390939